Question,Intent,Answer
Hello,Greeting,Hello! How can I help you today?
Hi,Greeting,Hi there! What can I do for you?
Hi there,Greeting,Hello! How can I assist you today?
Hey,Greeting,Hey! What's up?
Hey there,Greeting,Hey! How can I help?
Good morning,Greeting,Good morning! Hope you're having a great start to your day.
Good afternoon,Greeting,Good afternoon! How can I assist you?
Good evening,Greeting,Good evening! What can I do for you tonight?
Greetings,Greeting,Greetings! How may I help you today?
Nice to meet you,Greeting,Nice to meet you too! How can I help?
Is anyone there?,Greeting,"Yes, I'm here! What do you need help with?"
Can you help me?,Greeting,"Of course, I'm here to help. What do you need?"
Hello assistant,Greeting,Hello! I'm ready to assist you.
"Hey assistant, are you there?",Greeting,"Yes, I'm here and ready to help."
Hi assistant,Greeting,Hi! How can I assist you today?
Yo,Greeting,Hey! What can I help you with?
Hiya,Greeting,Hiya! How can I help you today?
What's up?,Greeting,"Not much, just here to help you out. What do you need?"
Howdy,Greeting,Howdy! How can I assist you today?
Morning,Greeting,Good morning! What can I do for you?
Evening,Greeting,Good evening! How can I help?
"Hello, how are you?",Greeting,"Hello! I'm doing well, thanks for asking. How can I help you?"
"Hey, how's it going?",Greeting,Hey! All good on my end. What do you need help with?
"Hi, I need some help",Greeting,Hi there! I'm happy to help. What's going on?
"Hello, is this the assistant?",Greeting,"Yes, this is your AI assistant. How can I help?"
"Hi, can we talk?",Greeting,"Sure, I'm all ears. What would you like to talk about?"
Hey buddy,Greeting,Hey! How can I help you today?
"Hello there, friend",Greeting,Hello! Great to see you. How can I help?
Sup,Greeting,Not much! What can I help you with?
Good day,Greeting,Good day to you too! How can I assist?
"Hi, how are you doing today?",Greeting,"I'm doing great, thanks! How can I help you today?"
"Hello, nice to see you",Greeting,Hello! Nice to see you too. What can I do for you?
"Hey, got a minute?",Greeting,"Sure thing, I've got plenty of time. What's up?"
"Hi assistant, can you hear me?",Greeting,"Yes, I can hear you loud and clear. How can I help?"
Hello world,Greeting,Hello! Ready to help whenever you are.
"Hi, are you awake?",Greeting,I'm always ready to help. What do you need?
"Hey, what's going on?",Greeting,Not much on my end. What can I help you with today?
"Hiya, how's everything?",Greeting,Everything's great! How can I assist you?
"Good morning, assistant",Greeting,Good morning! Hope your day is off to a great start.
Hello again,Greeting,Hello again! What can I help you with this time?
"Hi, can you assist me right now?",Greeting,"Absolutely, I'm ready whenever you are."
"Hey, quick question for you",Greeting,"Sure, go ahead and ask."
"Hi there, how are things?",Greeting,Things are good! How can I help you today?
"Greetings, assistant",Greeting,Greetings! How may I be of service today?
"Hello, I just wanted to say hi",Greeting,Hi! Nice of you to stop by. Anything I can help with?
"Hey, are you free to chat?",Greeting,I'm free! What would you like to talk about?
"Hi, first time using this",Greeting,Welcome! I'm happy to help you get started.
"Hello, this is my first time here",Greeting,Welcome! Feel free to ask me anything.
"Hi, can you talk right now?",Greeting,"Of course, I'm ready to chat. What's on your mind?"
"Hey there, long time no see",Greeting,Hey! Good to have you back. How can I help?
Good night,Greeting,Good night! Let me know if you need anything before you go.
"Hi, hope you're doing well",Greeting,"Thanks, I'm doing great! How can I assist you?"
"Hello, how have you been?",Greeting,"I've been well, thanks! How can I help you today?"
"Hey assistant, need your help",Greeting,I'm here for you. What do you need help with?
"Hi, just checking if you're online",Greeting,"Yes, I'm online and ready to help."
"Hello, can we get started?",Greeting,"Absolutely, let's get started. What do you need?"
"Hey, ready when you are",Greeting,"Great, I'm ready too. What's on your mind?"
"Hi, how do I begin?",Greeting,Just tell me what you need and we'll take it from there.
"Good morning, how are you?",Greeting,"Good morning! I'm doing well, thanks. How can I help?"
"Hey, mind if I ask you something?",Greeting,"Not at all, go ahead and ask."
"Hi, anyone around?",Greeting,"Yes, I'm here. What can I do for you?"
"Hello, are you a bot?",Greeting,"Yes, I'm an AI assistant. How can I help you today?"
"Hey, what's new?",Greeting,Nothing much on my end. What can I help you with?
"Good morning, hope you slept well",Greeting,Thanks! I'm ready to help. What's on your agenda today?
"Hi, do you have a name?",Greeting,You can just call me your assistant. How can I help?
"Hello, I have a question",Greeting,"Sure, go ahead and ask your question."
"Hey, can you understand me?",Greeting,"Yes, I understand you clearly. How can I help?"
"Hiya, what's happening?",Greeting,"Not much, just waiting to help you out."
"Good afternoon, how's your day?",Greeting,"It's going well, thanks for asking! How can I assist you?"
"Hello, I need assistance",Greeting,I'm here to help. What do you need assistance with?
"Hey, wanna help me out?",Greeting,"Of course, happy to help. What do you need?"
"Hi, just saying hello",Greeting,Hello to you too! Let me know if you need anything.
"Good evening, how are you tonight?",Greeting,"I'm doing well, thanks! How can I help you tonight?"
"Hi, are you ready to help?",Greeting,Always ready. What do you need?
"Hello, glad I found you",Greeting,Glad you're here too! How can I assist you?
"Hey, can I get some help here?",Greeting,"Of course, tell me what you need."
"Hi, do you speak English?",Greeting,"Yes, I do. How can I help you today?"
"Hello, testing testing",Greeting,I hear you loud and clear! How can I help?
"Hey, is this thing working?",Greeting,"Yes, everything's working fine. What can I help with?"
"Hi, want to chat for a bit?",Greeting,"Sure, I'd love to chat. What's on your mind?"
"Good morning, ready to start the day",Greeting,That's the spirit! How can I help you get started?
"Hello, checking in",Greeting,Hi there! How can I assist you today?
"Hey, quick hello before I ask something",Greeting,"Hello! Go ahead, I'm listening."
"Hi, hope this finds you well",Greeting,"Thanks, I'm doing great! How can I help?"
"Hello, can you introduce yourself?",Greeting,"I'm your AI assistant, here to help with questions, searches, and more."
"Hey, first message here",Greeting,Welcome! Feel free to ask me anything you need.
"Hi, how does this work?",Greeting,Just type your question and I'll do my best to help.
Good day to you,Greeting,Good day! How can I assist you?
"Hello, hope you're having a nice day",Greeting,"Thank you, I am! How can I help you today?"
"Hey, let's get going",Greeting,Sounds good! What do you need help with?
"Hi, I'm back again",Greeting,Welcome back! How can I help you this time?
"Hello, just popping in to say hi",Greeting,Hi there! Let me know if you need anything.
"Hey, you there?",Greeting,"Yep, I'm here. What can I do for you?"
"Hi, ready to get started",Greeting,"Great, let's dive in. What do you need?"
"Good morning, sunshine",Greeting,Good morning to you too! How can I help?
"Hello, hope all is well with you",Greeting,"All is well, thanks! How can I assist you today?"
"Hey, what can we do today?",Greeting,Lots of things! Just let me know what you need.
"Hi, wanted to say hey",Greeting,Hey! Great to hear from you. How can I help?
"Hello, is the assistant online?",Greeting,"Yes, I'm online and ready to help."
"Hey, catching you at a good time?",Greeting,Anytime is a good time. What do you need?
"Hi, ready for some questions?",Greeting,"Absolutely, ask away!"
"Good evening, hope your day went well",Greeting,Thank you! How can I help you this evening?
"Hello, need a hand with something",Greeting,"Sure thing, what do you need a hand with?"
"Hey, let's chat a bit",Greeting,"Sounds good, what's on your mind?"
"Hi, glad you're here",Greeting,Glad to be here! How can I assist you?
"Hello, hope you're free right now",Greeting,I'm free and ready to help!
"Hey, another day another question",Greeting,I'm ready for it! Go ahead.
"Hi, checking to see if you're active",Greeting,"Yes, I'm active and ready to assist."
"Good morning, let's get to work",Greeting,Let's do it! What do you need help with?
"Hello, thanks for being here",Greeting,Happy to be here! How can I assist you today?
"Hey, mind helping me real quick?",Greeting,"Not at all, go ahead."
"Hi, hope I'm not bothering you",Greeting,"Not at all, I'm here to help!"
"Hello, got some time for me?",Greeting,"Of course, I have all the time you need."
"Hey, let's begin",Greeting,Let's begin! What would you like to do first?
"Hi, I'm ready when you are",Greeting,"Perfect, I'm ready too. What's up?"
"Good afternoon, how's everything going?",Greeting,Everything's going well! How can I help you?
"Hello, wanted to reach out",Greeting,Glad you reached out! How can I assist you?
"Hey, can we start now?",Greeting,"Yes, let's start. What do you need?"
"Hi, hope you had a good morning",Greeting,"Thanks, I did! How can I help you today?"
"Hello, hope you're not too busy",Greeting,Never too busy for you. How can I help?
Bye,Goodbye,Goodbye! Have a great day.
Goodbye,Goodbye,Goodbye! Take care.
See you later,Goodbye,See you later! Take care.
See you soon,Goodbye,See you soon! Have a great day.
Talk to you later,Goodbye,"Sounds good, talk to you later!"
I have to go now,Goodbye,"Alright, take care and come back anytime!"
Catch you later,Goodbye,Catch you later! Have a good one.
I'm leaving now,Goodbye,"Okay, have a safe trip! See you next time."
Signing off,Goodbye,Goodbye! Feel free to come back whenever you need help.
That's all for now,Goodbye,"Alright, that's all for now. Have a great day!"
"Thanks, bye",Goodbye,You're welcome! Bye for now.
"Okay, bye",Goodbye,"Okay, take care!"
I'm done for today,Goodbye,"Sounds good, have a restful rest of your day!"
Gotta run,Goodbye,"Alright, take care! See you next time."
See ya,Goodbye,See ya! Take care.
Later,Goodbye,Later! Have a great day.
Farewell,Goodbye,Farewell! Wishing you a wonderful day.
Time to log off,Goodbye,"Alright, logging off. Have a great rest of your day!"
I'll talk to you tomorrow,Goodbye,"Sounds good, talk to you tomorrow!"
Bye for now,Goodbye,Bye for now! Come back anytime.
"This was helpful, bye",Goodbye,I'm glad it helped! Goodbye and take care.
"Alright, I'm signing off now",Goodbye,"Sounds good, goodbye! Take care."
"Goodbye, thanks for everything",Goodbye,"You're very welcome, goodbye!"
I need to leave now,Goodbye,"Understood, take care and see you soon!"
"Okay, that's it for me",Goodbye,Alright! Have a great rest of your day.
Bye bye,Goodbye,Bye bye! Take care.
Goodnight,Goodbye,Goodnight! Sleep well.
Have a good one,Goodbye,You too! Take care.
I'm off now,Goodbye,"Alright, take care! See you next time."
Ending the chat now,Goodbye,"Sounds good, ending here. Have a great day!"
Ciao,Goodbye,Ciao! Have a wonderful day.
"Take care, bye",Goodbye,"You too, take care!"
"Alright, see you next time",Goodbye,See you next time! Take care.
I'll be back later,Goodbye,"Sounds good, I'll be here whenever you need me!"
Wrapping up for today,Goodbye,"Sounds good, have a great rest of your day!"
"Goodbye, have a nice day",Goodbye,"Thank you, you too! Goodbye."
I'm heading out now,Goodbye,"Alright, take care and safe travels!"
Talk soon,Goodbye,Talk soon! Take care.
"Bye, take care of yourself",Goodbye,"Thank you, you too! Bye for now."
Okay I'm logging off,Goodbye,"Alright, goodbye and take care!"
That's enough for today,Goodbye,"Sounds good, see you next time!"
See you around,Goodbye,See you around! Take care.
"Alright, goodbye then",Goodbye,Goodbye! Take care and see you soon.
I need to head out,Goodbye,"Understood, take care! See you next time."
Peace out,Goodbye,Peace out! Have a great day.
I'm exiting now,Goodbye,"Alright, take care! Come back anytime."
"Well, goodbye then",Goodbye,Goodbye! Take care and have a great day.
This is goodbye for now,Goodbye,Take care! I'll be here when you need me.
"Okay, I'm done chatting",Goodbye,"Alright, thanks for chatting! Have a great day."
"Bye, see you tomorrow",Goodbye,Bye! See you tomorrow.
"Alright then, farewell",Goodbye,Farewell! Wishing you all the best.
I'm logging out now,Goodbye,"Okay, logging out. Take care!"
"Gotta go now, bye",Goodbye,"Alright, bye! Take care."
Time to say goodbye,Goodbye,Time to say goodbye then. Take care!
I'll catch you next time,Goodbye,"Sounds good, catch you next time!"
See you next week,Goodbye,See you next week! Take care until then.
"Okay, that wraps things up",Goodbye,"Great, glad we wrapped things up! Take care."
"Alright, I'm out",Goodbye,"Alright, take care! See you soon."
"Thanks for your help, goodbye",Goodbye,You're welcome! Goodbye and take care.
"Have to run now, bye",Goodbye,"Alright, bye! Take care."
I'm calling it a day,Goodbye,"Sounds good, have a restful evening!"
"Alright, closing this chat now",Goodbye,"Okay, closing up. Take care and see you soon!"
"Bye, thanks for the chat",Goodbye,Thank you for chatting! Bye for now.
Goodbye assistant,Goodbye,Goodbye! Take care and see you next time.
"Okay, I'm off to bed",Goodbye,Goodnight! Sleep well.
"Alright, I'll see you around",Goodbye,See you around! Take care.
"Bye, catch you another time",Goodbye,Bye! Catch you another time.
I'm shutting down for the night,Goodbye,Goodnight! Take care.
"This concludes our chat, goodbye",Goodbye,Goodbye! It was great chatting with you.
"Well, that's it, bye",Goodbye,"Alright, bye! Take care."
"I'm stepping away now, bye",Goodbye,"Alright, take care! See you soon."
See you in a bit,Goodbye,See you in a bit! Take care.
"Alright, all done here, bye",Goodbye,"Great, all done! Bye for now."
"Time for me to go, goodbye",Goodbye,"Alright, goodbye! Take care."
"Okay, wrapping up, see you",Goodbye,"Sounds good, see you next time!"
"Later, gotta go",Goodbye,Later! Take care.
"I'm off, take care",Goodbye,"You too, take care! Bye for now."
"Alright, until next time",Goodbye,Until next time! Take care.
Bye now,Goodbye,Bye now! Take care.
"This is it for today, bye",Goodbye,"Alright, bye! Have a great rest of your day."
"Okay, heading off now",Goodbye,"Alright, take care! See you next time."
Cheerio,Goodbye,Cheerio! Have a wonderful day.
"Alright, I'm leaving, bye",Goodbye,"Alright, bye! Take care."
Thanks,Thanks,You're welcome!
Thank you,Thanks,You're most welcome!
Thanks a lot,Thanks,Happy to help!
Thank you so much,Thanks,You're very welcome!
Thanks for the help,Thanks,Anytime! Glad I could help.
I appreciate it,Thanks,"You're welcome, glad to be of help!"
Thanks a ton,Thanks,"No problem at all, happy to help!"
Much appreciated,Thanks,You're welcome! Let me know if you need anything else.
Thank you for your assistance,Thanks,You're welcome! I'm always here to help.
"Thanks, that helped a lot",Thanks,Glad it helped! Let me know if you need more.
Thank you very much,Thanks,You're very welcome!
Thanks for helping me out,Thanks,"Of course, happy to help!"
Really appreciate your help,Thanks,"You're welcome, that's what I'm here for!"
Thanks a million,Thanks,You're welcome! Glad I could help.
"Cheers, thanks",Thanks,"You're welcome, cheers!"
Thank you kindly,Thanks,You're very welcome!
Thanks for that,Thanks,"No problem, happy to help!"
"Thank you, that's exactly what I needed",Thanks,Glad it was helpful! Let me know if you need anything else.
Thanks so much for your help,Thanks,"You're welcome, anytime!"
I really appreciate your assistance,Thanks,"You're welcome, I'm glad I could help!"
Thanks for clarifying that,Thanks,You're welcome! Glad it makes sense now.
Thank you for explaining,Thanks,"You're welcome, happy to explain further if needed!"
"Thanks, you're a lifesaver",Thanks,Glad I could help out!
Thank you for being so helpful,Thanks,"You're welcome, that's what I'm here for!"
"Thanks, that answers my question",Thanks,You're welcome! Let me know if anything else comes up.
"I owe you one, thanks",Thanks,"No need, happy to help anytime!"
Thanks for your time,Thanks,"You're welcome, glad to help!"
"Thank you, that was quick",Thanks,"You're welcome, glad I could help quickly!"
Thanks for the quick response,Thanks,Anytime! Glad I could get back to you fast.
"Thank you, appreciate the effort",Thanks,"You're very welcome, happy to help!"
"Thanks, this is great",Thanks,Glad you found it useful!
"Thank you, this really helped",Thanks,"You're welcome, glad it helped!"
Thanks for the info,Thanks,"You're welcome, glad to share it!"
Thank you for the detailed answer,Thanks,"You're welcome, happy to explain in detail!"
"Thanks, I got it now",Thanks,Glad it's clear now! Let me know if you have more questions.
"Thank you, all clear now",Thanks,Glad to hear that! Let me know if anything else comes up.
Thanks for sticking with me,Thanks,"Of course, happy to help however long it takes!"
Thank you for your patience,Thanks,"You're welcome, no rush at all!"
Thanks for the guidance,Thanks,"You're welcome, glad I could guide you!"
Thank you for walking me through it,Thanks,"You're welcome, glad it made sense!"
Thanks for solving that for me,Thanks,"You're welcome, happy to help solve it!"
"Thank you, that saved me a lot of time",Thanks,Glad I could save you some time!
"Thanks, you're really helpful",Thanks,"Thank you, I'm glad to be of help!"
Thank you so much for everything,Thanks,"You're very welcome, happy to help!"
"Thanks, appreciate you",Thanks,"Appreciate you too, happy to help anytime!"
"Thank you, that makes sense now",Thanks,Glad that clears things up!
Thanks for the quick fix,Thanks,"You're welcome, glad it worked out!"
Thank you for the recommendation,Thanks,"You're welcome, hope it works well for you!"
"Thanks, this is exactly right",Thanks,Glad it's exactly what you needed!
Thank you for taking the time,Thanks,"You're welcome, happy to take the time!"
Thanks for being so patient with me,Thanks,"Of course, no need to rush!"
Thank you for the thorough explanation,Thanks,"You're welcome, glad it was thorough enough!"
Thanks a bunch,Thanks,"You're welcome, glad to help!"
"Thank you, you rock",Thanks,"Thanks, happy to help anytime!"
Thanks for everything you've done,Thanks,"You're very welcome, it was my pleasure!"
"Thank you, I feel much better now",Thanks,I'm really glad to hear that!
Thanks for the support,Thanks,"You're welcome, always here to support you!"
"Thank you, that resolved my issue",Thanks,Glad it's resolved! Let me know if anything else comes up.
Thanks for helping me understand this,Thanks,"You're welcome, glad it makes sense now!"
"Thank you, I appreciate your patience",Thanks,"You're welcome, happy to help at your own pace!"
Thanks for the fast reply,Thanks,"You're welcome, glad I could respond quickly!"
Thank you for your kindness,Thanks,You're very welcome!
Thanks for making this easy,Thanks,Glad I could make it easier for you!
"Thank you, you've been very helpful",Thanks,"Thank you, I'm glad I could help!"
"Thanks, I'll take it from here",Thanks,"Sounds good, let me know if you need anything else!"
Thank you for the clear explanation,Thanks,"You're welcome, happy it was clear!"
"Thanks, that clears things up",Thanks,Glad that helps clear things up!
"Thank you, much better now",Thanks,Glad to hear it's better now!
Thanks for your help today,Thanks,"You're welcome, happy to help today and anytime!"
Thank you for all your help,Thanks,"You're very welcome, it was a pleasure helping you!"
Thanks for your quick help,Thanks,"You're welcome, glad I could assist quickly!"
"Thank you, you've made my day",Thanks,Glad I could brighten your day!
Thanks for the tip,Thanks,"You're welcome, hope it's useful!"
Thank you for the useful information,Thanks,"You're welcome, glad it was useful!"
"Thanks, that was really helpful",Thanks,Glad I could help!
Thank you for solving my problem,Thanks,"You're welcome, glad the problem is solved!"
Thanks for being awesome,Thanks,"Thank you, happy to help anytime!"
"Thank you, you're the best",Thanks,"Thanks, happy to help whenever you need!"
Thanks a lot for your support,Thanks,"You're welcome, always happy to support you!"
Thank you for helping me out today,Thanks,"You're welcome, glad I could help today!"
"Thanks, appreciate the quick turnaround",Thanks,"You're welcome, glad I could turn it around quickly!"
"Thank you, that was very informative",Thanks,Glad you found it informative!
Thanks for the excellent explanation,Thanks,"You're welcome, glad it was clear and useful!"
Thank you for your prompt response,Thanks,"You're welcome, happy to respond promptly!"
"Thanks, I really needed that",Thanks,Glad I could help when you needed it!
"Thank you, this made things much clearer",Thanks,Glad it helped clear things up!
Thanks for your continued help,Thanks,"You're welcome, always happy to help!"
"Thank you, appreciate the clarity",Thanks,"You're welcome, glad it was clear!"
What can you do?,Help,"I can chat with you, answer general questions, do calculations, search Google or YouTube, tell you the date and time, and offer motivation whenever you need it."
Show your features,Help,"My features include answering questions, performing calculations, searching the web, opening YouTube, and giving you the current date and time."
How can you help?,Help,"I can help you find information, do quick math, search online, and keep you company with a friendly chat."
Tell me your capabilities,Help,"I can handle general questions, math problems, Google and YouTube searches, date and time queries, and motivational chats."
What are you capable of?,Help,"I'm capable of answering questions, performing calculations, running web searches, and providing date, time, and motivational support."
What kind of help can you offer?,Help,"I can offer help with general knowledge questions, quick math, online searches, and everyday assistant tasks."
List your functions,Help,"My functions include general Q&A, math calculations, Google search, YouTube search, date and time lookup, and motivation."
What tasks can you assist with?,Help,"I can assist with answering questions, solving math problems, searching online, and telling you the date or time."
How do you assist users?,Help,"I assist by understanding what you need and responding with helpful answers, calculations, or search results."
Can you explain what you do?,Help,"I'm an AI assistant that helps with questions, calculations, searches, and general everyday assistance."
What kind of assistant are you?,Help,"I'm a general-purpose AI assistant built to help with questions, searches, math, and more."
What are your main functions?,Help,"My main functions are answering questions, doing calculations, searching Google or YouTube, and sharing the date and time."
How can I use you?,Help,"You can ask me questions, request calculations, ask me to search something, or just chat with me."
What kind of questions can I ask you?,Help,"You can ask me general knowledge questions, technical questions, math problems, or request a search."
Do you have any special skills?,Help,"Yes, I can perform calculations, run searches, and provide helpful answers on a wide range of topics."
What's your purpose?,Help,My purpose is to make your day easier by answering questions and helping with everyday tasks.
Explain how you can assist me,Help,"I can assist you by answering questions, doing quick math, searching for information, and more."
What kind of support do you provide?,Help,"I provide support in the form of answers, calculations, searches, and general guidance."
Help me understand what you offer,Help,"I offer quick answers, calculations, searches, and general conversational assistance."
What services do you provide?,Help,"I provide question answering, calculations, web searches, and date/time information."
Can you tell me more about your abilities?,Help,"Sure! I can chat, calculate, search, and answer general or technical questions."
What should I ask you?,Help,"You can ask me almost anything, from general knowledge to quick calculations or searches."
How do I get started with you?,Help,"Just type your question or request, and I'll do my best to help right away."
What's the best way to use you?,Help,"The best way is to simply ask what you need, whether it's a question, search, or calculation."
Give me an overview of your features,Help,"I can answer questions, do math, search Google or YouTube, tell time and date, and offer motivation."
What is your function here?,Help,"My function is to assist you with information, calculations, and everyday tasks."
Can you list what you can help with?,Help,"I can help with general questions, calculations, searches, date and time queries, and motivation."
What do you know how to do?,Help,"I know how to answer questions, calculate numbers, search online, and chat helpfully."
How exactly can you assist me?,Help,"I can assist by responding to your questions, running searches, and doing calculations for you."
What's included in your skill set?,Help,"My skill set includes Q&A, math, web search, YouTube search, date/time, and motivational support."
Motivate me,Motivation,"You are capable of more than you think. Take one small step right now, and the rest will follow."
I feel tired today,Motivation,"It's okay to feel tired, but even a small effort today keeps your progress alive. You've got this."
Encourage me,Motivation,"Every expert was once a beginner. Keep going, because your effort today is building your future."
I don't feel productive,Motivation,Productivity isn't about doing everything at once. Start with one small task and momentum will build.
Inspire me to study,Motivation,Think about the version of yourself who achieves their goals. Every page you study gets you closer to becoming them.
I need some motivation,Motivation,"Progress, not perfection, is what matters. Keep showing up, and results will follow."
I'm feeling demotivated,Motivation,"It's normal to feel low sometimes. Take a short break, then come back and tackle just one small task."
Give me a pep talk,Motivation,"You've overcome challenges before, and you can overcome this one too. Believe in your ability to figure it out."
I'm struggling to focus,Motivation,Try breaking your task into smaller chunks. Focusing on just the next five minutes can make a big difference.
I feel like giving up,Motivation,"Please don't give up now. You've already come this far, and that shows real strength."
How do I stay motivated?,Motivation,"Set small, achievable goals and celebrate each win. Motivation grows from consistent action, not the other way around."
I need encouragement to keep going,Motivation,"Keep going. The fact that you're still trying shows you care, and that matters more than you know."
I feel lazy today,Motivation,Everyone has low-energy days. Try just five minutes of work; often that's enough to get moving again.
Help me feel motivated,Motivation,Remember why you started. Reconnecting with your goal can reignite your drive to keep working.
I'm losing interest in my work,Motivation,It happens to everyone at times. Try changing your approach or environment to spark fresh energy.
I need a boost of energy,Motivation,"Take a short walk or stretch, then dive back in. A quick reset can restore your focus and energy."
Say something motivational,Motivation,"Success is built one small consistent effort at a time. Keep putting in the work, it adds up."
I feel unmotivated to exercise,Motivation,"Start with just ten minutes. Once you get moving, it often becomes easier to keep going."
Push me to work harder,Motivation,You have more potential than you realize. Push through this moment and future you will thank you.
I'm procrastinating a lot,Motivation,Try the two-minute rule: commit to just two minutes of the task. Starting is usually the hardest part.
I feel like I'm not good enough,Motivation,"Everyone doubts themselves sometimes, but your worth isn't defined by one bad day. Keep believing in your growth."
Motivate me to finish my project,Motivation,"You're closer to finishing than you think. Push through this last stretch, and it'll be worth it."
I need motivation for exams,Motivation,"Trust the effort you've already put in. Stay calm, focus on one topic at a time, and you'll do great."
I feel stuck in life,Motivation,Feeling stuck is often a sign that change is coming. Take one small step today toward something new.
Encourage me to keep learning,Motivation,"Learning is a journey, not a race. Every new thing you learn adds real value to your future."
I lack motivation to study for exams,Motivation,Break your syllabus into small daily goals. Small consistent study sessions beat last-minute cramming.
I feel overwhelmed with tasks,Motivation,Take a deep breath and list your tasks by priority. Tackling one at a time makes it far more manageable.
Give me a reason to keep going,Motivation,Your future self is counting on the effort you put in today. That's a great reason to keep going.
I need motivation to wake up early,Motivation,"Start with a small reward for waking up early. Over time, it becomes a habit that boosts your whole day."
How can I motivate myself daily?,Motivation,Set one clear intention each morning and revisit your bigger goal often. Small daily wins build lasting motivation.
What's the date today?,CurrentDateTime,Fetching the current date for you.
What is today's date?,CurrentDateTime,Fetching the current date for you.
Can you tell me the date?,CurrentDateTime,Fetching the current date for you.
What date is it?,CurrentDateTime,Fetching the current date for you.
Tell me today's date,CurrentDateTime,Fetching the current date for you.
What's the current date?,CurrentDateTime,Fetching the current date for you.
Do you know today's date?,CurrentDateTime,Fetching the current date for you.
What day of the month is it?,CurrentDateTime,Fetching the current date for you.
What's today's date exactly?,CurrentDateTime,Fetching the current date for you.
Can you give me today's date?,CurrentDateTime,Fetching the current date for you.
What is the date right now?,CurrentDateTime,Fetching the current date for you.
"What's the date today, please?",CurrentDateTime,Fetching the current date for you.
I need to know today's date,CurrentDateTime,Fetching the current date for you.
What's the current date and month?,CurrentDateTime,Fetching the current date for you.
Could you tell me the date today?,CurrentDateTime,Fetching the current date for you.
What's the time right now?,CurrentDateTime,Fetching the current time for you.
What time is it?,CurrentDateTime,Fetching the current time for you.
Can you tell me the current time?,CurrentDateTime,Fetching the current time for you.
Do you know what time it is?,CurrentDateTime,Fetching the current time for you.
Tell me the time please,CurrentDateTime,Fetching the current time for you.
What's the exact time now?,CurrentDateTime,Fetching the current time for you.
Can you check the time for me?,CurrentDateTime,Fetching the current time for you.
What time is it right now?,CurrentDateTime,Fetching the current time for you.
I need to know the current time,CurrentDateTime,Fetching the current time for you.
What's the time at the moment?,CurrentDateTime,Fetching the current time for you.
Could you give me the current time?,CurrentDateTime,Fetching the current time for you.
What's the clock reading right now?,CurrentDateTime,Fetching the current time for you.
Please tell me what time it is,CurrentDateTime,Fetching the current time for you.
What time do you have?,CurrentDateTime,Fetching the current time for you.
Can you show me the current time?,CurrentDateTime,Fetching the current time for you.
What day is it today?,CurrentDateTime,Fetching today's day for you.
What's today?,CurrentDateTime,Fetching today's day for you.
Which day of the week is it?,CurrentDateTime,Fetching today's day for you.
Can you tell me what day it is?,CurrentDateTime,Fetching today's day for you.
Is today Monday or Tuesday?,CurrentDateTime,Fetching today's day for you.
What day of the week is today?,CurrentDateTime,Fetching today's day for you.
Do you know what day it is today?,CurrentDateTime,Fetching today's day for you.
Tell me what day today is,CurrentDateTime,Fetching today's day for you.
What's today's day?,CurrentDateTime,Fetching today's day for you.
Could you tell me the day today?,CurrentDateTime,Fetching today's day for you.
What's the date and time right now?,CurrentDateTime,Fetching the current date and time for you.
Can you give me the date and time?,CurrentDateTime,Fetching the current date and time for you.
Tell me the current date and time,CurrentDateTime,Fetching the current date and time for you.
I want to know the date and time now,CurrentDateTime,Fetching the current date and time for you.
What's today's date and current time?,CurrentDateTime,Fetching the current date and time for you.
Give me today's full date and time,CurrentDateTime,Fetching the current date and time for you.
What year is it?,CurrentDateTime,Fetching the current year for you.
What's the current year?,CurrentDateTime,Fetching the current year for you.
Which year are we in right now?,CurrentDateTime,Fetching the current year for you.
What month is it?,CurrentDateTime,Fetching the current month for you.
What's the current month?,CurrentDateTime,Fetching the current month for you.
Which month are we in now?,CurrentDateTime,Fetching the current month for you.
What's the current week number?,CurrentDateTime,Fetching the current week for you.
How many days until the weekend?,CurrentDateTime,Fetching today's date to work that out for you.
Is it a weekday or weekend today?,CurrentDateTime,Fetching today's date to check that for you.
What time zone are you using?,CurrentDateTime,I use your local system time to give you accurate date and time information.
Can you tell me the date in numbers?,CurrentDateTime,Fetching the current date for you.
What's today's full date with the year?,CurrentDateTime,Fetching the current date for you.
Give me the current timestamp,CurrentDateTime,Fetching the current date and time for you.
What is 15 + 28?,MathCalculation,15 + 28 equals 43.
Calculate 235 x 19.,MathCalculation,235 multiplied by 19 equals 4465.
Divide 500 by 25.,MathCalculation,500 divided by 25 equals 20.
What is the square root of 144?,MathCalculation,The square root of 144 is 12.
What is 18% of 450?,MathCalculation,18% of 450 is 81.
What's 7 plus 9?,MathCalculation,7 plus 9 equals 16.
Subtract 45 from 100.,MathCalculation,100 minus 45 equals 55.
What is 12 times 12?,MathCalculation,12 times 12 equals 144.
What is 999 minus 456?,MathCalculation,999 minus 456 equals 543.
Calculate 8 to the power of 3.,MathCalculation,8 raised to the power of 3 equals 512.
What is the square root of 256?,MathCalculation,The square root of 256 is 16.
What's 25% of 800?,MathCalculation,25% of 800 is 200.
Add 123 and 877.,MathCalculation,123 plus 877 equals 1000.
What is 64 divided by 8?,MathCalculation,64 divided by 8 equals 8.
Multiply 17 by 23.,MathCalculation,17 multiplied by 23 equals 391.
What is 5 factorial?,MathCalculation,5 factorial (5!) equals 120.
What is 2 to the power of 10?,MathCalculation,2 raised to the power of 10 equals 1024.
Calculate the square root of 81.,MathCalculation,The square root of 81 is 9.
What is 10% of 950?,MathCalculation,10% of 950 is 95.
What's 456 plus 789?,MathCalculation,456 plus 789 equals 1245.
Subtract 78 from 200.,MathCalculation,200 minus 78 equals 122.
What is 33 times 3?,MathCalculation,33 multiplied by 3 equals 99.
Divide 144 by 12.,MathCalculation,144 divided by 12 equals 12.
What is 40% of 250?,MathCalculation,40% of 250 is 100.
What is the cube root of 27?,MathCalculation,The cube root of 27 is 3.
Calculate 100 divided by 4.,MathCalculation,100 divided by 4 equals 25.
What's 9 squared?,MathCalculation,9 squared equals 81.
What is 15 squared?,MathCalculation,15 squared equals 225.
Add 3.5 and 2.25.,MathCalculation,3.5 plus 2.25 equals 5.75.
What is 1000 minus 1?,MathCalculation,1000 minus 1 equals 999.
Multiply 6 by 7.,MathCalculation,6 multiplied by 7 equals 42.
What is 21 divided by 3?,MathCalculation,21 divided by 3 equals 7.
What's 50% of 360?,MathCalculation,50% of 360 is 180.
Calculate the square root of 49.,MathCalculation,The square root of 49 is 7.
What is 3 plus 4 times 2?,MathCalculation,"Following order of operations, 4 times 2 is 8, so 3 plus 8 equals 11."
What is 45 minus 19?,MathCalculation,45 minus 19 equals 26.
Divide 81 by 9.,MathCalculation,81 divided by 9 equals 9.
What is 60% of 150?,MathCalculation,60% of 150 is 90.
What's 2 plus 2?,MathCalculation,2 plus 2 equals 4.
Calculate 14 times 14.,MathCalculation,14 multiplied by 14 equals 196.
What is the square root of 121?,MathCalculation,The square root of 121 is 11.
What's 5 to the power of 4?,MathCalculation,5 raised to the power of 4 equals 625.
Add 250 and 375.,MathCalculation,250 plus 375 equals 625.
What is 90 divided by 6?,MathCalculation,90 divided by 6 equals 15.
Subtract 33 from 88.,MathCalculation,88 minus 33 equals 55.
What is 75% of 200?,MathCalculation,75% of 200 is 150.
Multiply 9 by 11.,MathCalculation,9 multiplied by 11 equals 99.
What's 100 plus 250?,MathCalculation,100 plus 250 equals 350.
Calculate 3 factorial.,MathCalculation,3 factorial (3!) equals 6.
What is the square root of 400?,MathCalculation,The square root of 400 is 20.
What is 8 plus 8 plus 8?,MathCalculation,8 plus 8 plus 8 equals 24.
Divide 1000 by 8.,MathCalculation,1000 divided by 8 equals 125.
What's 12% of 500?,MathCalculation,12% of 500 is 60.
What is 27 minus 13?,MathCalculation,27 minus 13 equals 14.
Multiply 4.5 by 2.,MathCalculation,4.5 multiplied by 2 equals 9.
What is 100 divided by 3?,MathCalculation,100 divided by 3 is approximately 33.33.
Calculate 20 squared.,MathCalculation,20 squared equals 400.
What's the square root of 625?,MathCalculation,The square root of 625 is 25.
Add 45 and 55.,MathCalculation,45 plus 55 equals 100.
What is 6 to the power of 3?,MathCalculation,6 raised to the power of 3 equals 216.
Subtract 500 from 750.,MathCalculation,750 minus 500 equals 250.
What is 30% of 90?,MathCalculation,30% of 90 is 27.
Divide 360 by 4.,MathCalculation,360 divided by 4 equals 90.
Multiply 15 by 15.,MathCalculation,15 multiplied by 15 equals 225.
What is 47 plus 53?,MathCalculation,47 plus 53 equals 100.
What's 200 minus 199?,MathCalculation,200 minus 199 equals 1.
Calculate the square root of 9.,MathCalculation,The square root of 9 is 3.
What is 4 factorial?,MathCalculation,4 factorial (4!) equals 24.
What's 80% of 120?,MathCalculation,80% of 120 is 96.
Divide 729 by 9.,MathCalculation,729 divided by 9 equals 81.
What is 11 times 11?,MathCalculation,11 multiplied by 11 equals 121.
Can you search for Python tutorials?,GoogleSearch,Opening Google Search for your query.
Find information about object oriented programming,GoogleSearch,Opening Google Search for your query.
Google search algorithm complexity,GoogleSearch,Opening Google Search for your query.
I want to search IoT applications,GoogleSearch,Opening Google Search for your query.
Search Google for database normalization,GoogleSearch,Opening Google Search for your query.
Look up Git commands for me,GoogleSearch,Opening Google Search for your query.
Google search UI UX design trends,GoogleSearch,Opening Google Search for your query.
Can you search for Git commands?,GoogleSearch,Opening Google Search for your query.
Search for FastAPI documentation,GoogleSearch,Opening Google Search for your query.
Google blockchain technology,GoogleSearch,Opening Google Search for your query.
Find information about operating systems concepts,GoogleSearch,Opening Google Search for your query.
Google search FastAPI documentation,GoogleSearch,Opening Google Search for your query.
Look up power bi tutorial for me,GoogleSearch,Opening Google Search for your query.
I want to search resume writing tips,GoogleSearch,Opening Google Search for your query.
Can you search for startup funding news?,GoogleSearch,Opening Google Search for your query.
I want to search prompt engineering tips,GoogleSearch,Opening Google Search for your query.
Google Kubernetes basics,GoogleSearch,Opening Google Search for your query.
I want to search OpenAI GPT,GoogleSearch,Opening Google Search for your query.
Google quantum computing basics,GoogleSearch,Opening Google Search for your query.
Find information about climate change updates,GoogleSearch,Opening Google Search for your query.
Look up SvelteKit guide for me,GoogleSearch,Opening Google Search for your query.
Google operating systems concepts,GoogleSearch,Opening Google Search for your query.
Please search data science roadmap on Google,GoogleSearch,Opening Google Search for your query.
Search for image classification models,GoogleSearch,Opening Google Search for your query.
Can you look up IBM Cloud services?,GoogleSearch,Opening Google Search for your query.
Google search computer vision projects,GoogleSearch,Opening Google Search for your query.
Google search robotics projects,GoogleSearch,Opening Google Search for your query.
Find information about best laptops 2026,GoogleSearch,Opening Google Search for your query.
Google cybersecurity tips,GoogleSearch,Opening Google Search for your query.
Google 5G technology,GoogleSearch,Opening Google Search for your query.
I want to search web development trends,GoogleSearch,Opening Google Search for your query.
Please search SQL joins explained on Google,GoogleSearch,Opening Google Search for your query.
Find information about SQL joins explained,GoogleSearch,Opening Google Search for your query.
Search for cricket world cup schedule,GoogleSearch,Opening Google Search for your query.
Google search PostgreSQL indexing,GoogleSearch,Opening Google Search for your query.
Please search FastAPI documentation on Google,GoogleSearch,Opening Google Search for your query.
Can you look up renewable energy news?,GoogleSearch,Opening Google Search for your query.
Search Google for startup funding news,GoogleSearch,Opening Google Search for your query.
Please search scrum framework on Google,GoogleSearch,Opening Google Search for your query.
Search for cloud security best practices,GoogleSearch,Opening Google Search for your query.
Google job interview preparation,GoogleSearch,Opening Google Search for your query.
Search for cryptocurrency news,GoogleSearch,Opening Google Search for your query.
Google search big data tools,GoogleSearch,Opening Google Search for your query.
Find information about chatgpt alternatives,GoogleSearch,Opening Google Search for your query.
I want to search power bi tutorial,GoogleSearch,Opening Google Search for your query.
Can you search for generative AI tools?,GoogleSearch,Opening Google Search for your query.
Can you look up IoT applications?,GoogleSearch,Opening Google Search for your query.
Can you look up MongoDB tutorial?,GoogleSearch,Opening Google Search for your query.
Search Google for pandas cheat sheet,GoogleSearch,Opening Google Search for your query.
Google web development trends,GoogleSearch,Opening Google Search for your query.
Look up NumPy basics for me,GoogleSearch,Opening Google Search for your query.
Search Google for UI UX design trends,GoogleSearch,Opening Google Search for your query.
Find information about Python tutorials,GoogleSearch,Opening Google Search for your query.
Google search time management techniques,GoogleSearch,Opening Google Search for your query.
Google search AI news,GoogleSearch,Opening Google Search for your query.
Google Git commands,GoogleSearch,Opening Google Search for your query.
Search for job interview preparation,GoogleSearch,Opening Google Search for your query.
Search for large language models,GoogleSearch,Opening Google Search for your query.
Google resume writing tips,GoogleSearch,Opening Google Search for your query.
Google search JavaScript frameworks,GoogleSearch,Opening Google Search for your query.
Can you look up JavaScript frameworks?,GoogleSearch,Opening Google Search for your query.
Google prompt engineering tips,GoogleSearch,Opening Google Search for your query.
Please search SQL vs NoSQL on Google,GoogleSearch,Opening Google Search for your query.
Can you search for quantum computing basics?,GoogleSearch,Opening Google Search for your query.
Find information about Docker tutorials,GoogleSearch,Opening Google Search for your query.
I want to search machine learning basics,GoogleSearch,Opening Google Search for your query.
I want to search recommendation systems,GoogleSearch,Opening Google Search for your query.
Search Google for generative AI tools,GoogleSearch,Opening Google Search for your query.
Look up big data tools for me,GoogleSearch,Opening Google Search for your query.
I want to search hadoop vs spark,GoogleSearch,Opening Google Search for your query.
Can you search for IBM Cloud services?,GoogleSearch,Opening Google Search for your query.
I want to search big data tools,GoogleSearch,Opening Google Search for your query.
I want to search Git commands,GoogleSearch,Opening Google Search for your query.
Can you look up Git commands?,GoogleSearch,Opening Google Search for your query.
Can you look up generative AI tools?,GoogleSearch,Opening Google Search for your query.
Google search cricket world cup schedule,GoogleSearch,Opening Google Search for your query.
Find information about robotics projects,GoogleSearch,Opening Google Search for your query.
Can you look up SQL vs NoSQL?,GoogleSearch,Opening Google Search for your query.
Search for best laptops 2026,GoogleSearch,Opening Google Search for your query.
I want to search neural networks,GoogleSearch,Opening Google Search for your query.
Search for data structures,GoogleSearch,Opening Google Search for your query.
Google graphic design tools,GoogleSearch,Opening Google Search for your query.
Search Google for hadoop vs spark,GoogleSearch,Opening Google Search for your query.
Find information about GitHub Actions,GoogleSearch,Opening Google Search for your query.
Google search database normalization,GoogleSearch,Opening Google Search for your query.
Can you look up Flask vs Django?,GoogleSearch,Opening Google Search for your query.
Search for data science roadmap,GoogleSearch,Opening Google Search for your query.
Google pandas cheat sheet,GoogleSearch,Opening Google Search for your query.
Search Google for FastAPI documentation,GoogleSearch,Opening Google Search for your query.
Can you search for pandas cheat sheet?,GoogleSearch,Opening Google Search for your query.
Search for GitHub Actions,GoogleSearch,Opening Google Search for your query.
Google IBM Cloud services,GoogleSearch,Opening Google Search for your query.
Look up hadoop vs spark for me,GoogleSearch,Opening Google Search for your query.
I want to search deep learning courses,GoogleSearch,Opening Google Search for your query.
Google search TensorFlow tutorials,GoogleSearch,Opening Google Search for your query.
Find information about microservices architecture,GoogleSearch,Opening Google Search for your query.
Google deep learning courses,GoogleSearch,Opening Google Search for your query.
Google search renewable energy news,GoogleSearch,Opening Google Search for your query.
Look up deep learning courses for me,GoogleSearch,Opening Google Search for your query.
Can you look up AWS certification?,GoogleSearch,Opening Google Search for your query.
Search Google for large language models,GoogleSearch,Opening Google Search for your query.
Find information about Flask vs Django,GoogleSearch,Opening Google Search for your query.
Find information about healthy diet tips,GoogleSearch,Opening Google Search for your query.
Google artificial intelligence ethics,GoogleSearch,Opening Google Search for your query.
Can you search for cricket world cup schedule?,GoogleSearch,Opening Google Search for your query.
I want to search software testing basics,GoogleSearch,Opening Google Search for your query.
Search Google for image classification models,GoogleSearch,Opening Google Search for your query.
I want to search SvelteKit guide,GoogleSearch,Opening Google Search for your query.
I want to search object oriented programming,GoogleSearch,Opening Google Search for your query.
Search Google for recommendation systems,GoogleSearch,Opening Google Search for your query.
Look up MongoDB tutorial for me,GoogleSearch,Opening Google Search for your query.
Search for 5G technology,GoogleSearch,Opening Google Search for your query.
Look up operating systems concepts for me,GoogleSearch,Opening Google Search for your query.
I want to search python data visualization,GoogleSearch,Opening Google Search for your query.
Can you look up prompt engineering tips?,GoogleSearch,Opening Google Search for your query.
Search Google for OpenAI GPT,GoogleSearch,Opening Google Search for your query.
Look up TensorFlow tutorials for me,GoogleSearch,Opening Google Search for your query.
Google search software testing basics,GoogleSearch,Opening Google Search for your query.
Can you search for space exploration news?,GoogleSearch,Opening Google Search for your query.
Google search REST API design,GoogleSearch,Opening Google Search for your query.
Can you look up job interview preparation?,GoogleSearch,Opening Google Search for your query.
Search Google for PostgreSQL indexing,GoogleSearch,Opening Google Search for your query.
Please search chatgpt alternatives on Google,GoogleSearch,Opening Google Search for your query.
Google space exploration news,GoogleSearch,Opening Google Search for your query.
Google search NumPy basics,GoogleSearch,Opening Google Search for your query.
Please search operating systems concepts on Google,GoogleSearch,Opening Google Search for your query.
Can you look up quantum computing basics?,GoogleSearch,Opening Google Search for your query.
Google search OpenAI GPT,GoogleSearch,Opening Google Search for your query.
Can you search for image classification models?,GoogleSearch,Opening Google Search for your query.
Search for OpenAI GPT,GoogleSearch,Opening Google Search for your query.
Search Google for python data visualization,GoogleSearch,Opening Google Search for your query.
Can you look up PostgreSQL indexing?,GoogleSearch,Opening Google Search for your query.
Find information about big data tools,GoogleSearch,Opening Google Search for your query.
Search for neural networks,GoogleSearch,Opening Google Search for your query.
Google search stock market trends,GoogleSearch,Opening Google Search for your query.
Find information about JavaScript frameworks,GoogleSearch,Opening Google Search for your query.
Can you look up linux shell scripting?,GoogleSearch,Opening Google Search for your query.
I want to search React hooks,GoogleSearch,Opening Google Search for your query.
Google big data tools,GoogleSearch,Opening Google Search for your query.
Can you search for SQL joins explained?,GoogleSearch,Opening Google Search for your query.
Search Google for cricket world cup schedule,GoogleSearch,Opening Google Search for your query.
Search for api rate limiting,GoogleSearch,Opening Google Search for your query.
Search Google for cryptocurrency news,GoogleSearch,Opening Google Search for your query.
Can you look up GitHub Actions?,GoogleSearch,Opening Google Search for your query.
Can you search for PyTorch examples?,GoogleSearch,Opening Google Search for your query.
Search for docker compose examples,GoogleSearch,Opening Google Search for your query.
Find information about generative AI tools,GoogleSearch,Opening Google Search for your query.
Can you look up pandas cheat sheet?,GoogleSearch,Opening Google Search for your query.
Look up system design interview for me,GoogleSearch,Opening Google Search for your query.
Can you look up stock market trends?,GoogleSearch,Opening Google Search for your query.
Find information about cryptocurrency news,GoogleSearch,Opening Google Search for your query.
Google search Java interview questions,GoogleSearch,Opening Google Search for your query.
Can you search for cloud security best practices?,GoogleSearch,Opening Google Search for your query.
Google JavaScript frameworks,GoogleSearch,Opening Google Search for your query.
Google time management techniques,GoogleSearch,Opening Google Search for your query.
Google speech recognition technology,GoogleSearch,Opening Google Search for your query.
Can you look up chatgpt alternatives?,GoogleSearch,Opening Google Search for your query.
Google cloud security best practices,GoogleSearch,Opening Google Search for your query.
Search Google for cybersecurity tips,GoogleSearch,Opening Google Search for your query.
Search for MongoDB tutorial,GoogleSearch,Opening Google Search for your query.
Search Google for Git commands,GoogleSearch,Opening Google Search for your query.
Find information about space exploration news,GoogleSearch,Opening Google Search for your query.
I want to search Flask vs Django,GoogleSearch,Opening Google Search for your query.
Can you search for data structures?,GoogleSearch,Opening Google Search for your query.
Google Node.js tutorials,GoogleSearch,Opening Google Search for your query.
Search for Kubernetes basics,GoogleSearch,Opening Google Search for your query.
I want to search best laptops 2026,GoogleSearch,Opening Google Search for your query.
Search for power bi tutorial,GoogleSearch,Opening Google Search for your query.
Look up algorithm complexity for me,GoogleSearch,Opening Google Search for your query.
Look up excel formulas for me,GoogleSearch,Opening Google Search for your query.
Search Google for REST API design,GoogleSearch,Opening Google Search for your query.
Please search generative AI tools on Google,GoogleSearch,Opening Google Search for your query.
Look up data science roadmap for me,GoogleSearch,Opening Google Search for your query.
Can you look up REST API design?,GoogleSearch,Opening Google Search for your query.
Search Google for Flask vs Django,GoogleSearch,Opening Google Search for your query.
Search Google for electric vehicles 2026,GoogleSearch,Opening Google Search for your query.
Find information about data structures,GoogleSearch,Opening Google Search for your query.
Can you search for TensorFlow tutorials?,GoogleSearch,Opening Google Search for your query.
Look up JavaScript frameworks for me,GoogleSearch,Opening Google Search for your query.
Find information about scrum framework,GoogleSearch,Opening Google Search for your query.
Play time management techniques tutorial on YouTube,YouTubeSearch,Opening YouTube Search.
Find a good video about 5G technology,YouTubeSearch,Opening YouTube Search.
Open OpenAI GPT videos,YouTubeSearch,Opening YouTube Search.
Can you find a robotics projects playlist?,YouTubeSearch,Opening YouTube Search.
Play GitHub Actions on YouTube,YouTubeSearch,Opening YouTube Search.
Show me AWS certification videos on YouTube,YouTubeSearch,Opening YouTube Search.
Find a good video about IBM Cloud services,YouTubeSearch,Opening YouTube Search.
Play recommendation systems tutorial on YouTube,YouTubeSearch,Opening YouTube Search.
Search YouTube for digital marketing basics,YouTubeSearch,Opening YouTube Search.
Open artificial intelligence ethics on YouTube,YouTubeSearch,Opening YouTube Search.
Play Git commands on YouTube,YouTubeSearch,Opening YouTube Search.
Can you find a scrum framework playlist?,YouTubeSearch,Opening YouTube Search.
Can you find a machine learning basics playlist?,YouTubeSearch,Opening YouTube Search.
Play React hooks on YouTube,YouTubeSearch,Opening YouTube Search.
Search Java interview questions on YouTube,YouTubeSearch,Opening YouTube Search.
Search blockchain technology on YouTube,YouTubeSearch,Opening YouTube Search.
Can you find a Python tutorials playlist?,YouTubeSearch,Opening YouTube Search.
Search NumPy basics on YouTube,YouTubeSearch,Opening YouTube Search.
Search Docker tutorials on YouTube,YouTubeSearch,Opening YouTube Search.
Can you find a 5G technology playlist?,YouTubeSearch,Opening YouTube Search.
Search YouTube for data science roadmap,YouTubeSearch,Opening YouTube Search.
Play TensorFlow tutorials tutorial on YouTube,YouTubeSearch,Opening YouTube Search.
Show me neural networks videos on YouTube,YouTubeSearch,Opening YouTube Search.
Play computer vision projects tutorial on YouTube,YouTubeSearch,Opening YouTube Search.
Search database normalization on YouTube,YouTubeSearch,Opening YouTube Search.
Can you find a api rate limiting playlist?,YouTubeSearch,Opening YouTube Search.
Find a good video about Docker tutorials,YouTubeSearch,Opening YouTube Search.
Show me quantum computing basics videos on YouTube,YouTubeSearch,Opening YouTube Search.
Open natural language processing basics on YouTube,YouTubeSearch,Opening YouTube Search.
Find a good video about deep learning courses,YouTubeSearch,Opening YouTube Search.
Show me 5G technology videos on YouTube,YouTubeSearch,Opening YouTube Search.
Open system design interview on YouTube,YouTubeSearch,Opening YouTube Search.
Open microservices architecture videos,YouTubeSearch,Opening YouTube Search.
Show me AI news videos on YouTube,YouTubeSearch,Opening YouTube Search.
Search YouTube for large language models,YouTubeSearch,Opening YouTube Search.
Open hadoop vs spark videos,YouTubeSearch,Opening YouTube Search.
Find a good video about PyTorch examples,YouTubeSearch,Opening YouTube Search.
Find quantum computing basics video on YouTube,YouTubeSearch,Opening YouTube Search.
Search YouTube for OpenAI GPT,YouTubeSearch,Opening YouTube Search.
Play artificial intelligence ethics tutorial on YouTube,YouTubeSearch,Opening YouTube Search.
Find image classification models video on YouTube,YouTubeSearch,Opening YouTube Search.
Play resume writing tips on YouTube,YouTubeSearch,Opening YouTube Search.
Can you find a generative AI tools playlist?,YouTubeSearch,Opening YouTube Search.
Find Linux commands video on YouTube,YouTubeSearch,Opening YouTube Search.
Find excel formulas video on YouTube,YouTubeSearch,Opening YouTube Search.
Search docker compose examples on YouTube,YouTubeSearch,Opening YouTube Search.
Open artificial intelligence ethics videos,YouTubeSearch,Opening YouTube Search.
Can you find a AI news playlist?,YouTubeSearch,Opening YouTube Search.
Open best laptops 2026 on YouTube,YouTubeSearch,Opening YouTube Search.
Find PyTorch examples video on YouTube,YouTubeSearch,Opening YouTube Search.
Search YouTube for scrum framework,YouTubeSearch,Opening YouTube Search.
Play operating systems concepts on YouTube,YouTubeSearch,Opening YouTube Search.
Open JavaScript frameworks on YouTube,YouTubeSearch,Opening YouTube Search.
Open PostgreSQL indexing on YouTube,YouTubeSearch,Opening YouTube Search.
Play microservices architecture tutorial on YouTube,YouTubeSearch,Opening YouTube Search.
Search GitHub Actions on YouTube,YouTubeSearch,Opening YouTube Search.
Show me speech recognition technology videos on YouTube,YouTubeSearch,Opening YouTube Search.
Search YouTube for Node.js tutorials,YouTubeSearch,Opening YouTube Search.
Can you find a chatgpt alternatives playlist?,YouTubeSearch,Opening YouTube Search.
Search JavaScript frameworks on YouTube,YouTubeSearch,Opening YouTube Search.
Can you find a resume writing tips playlist?,YouTubeSearch,Opening YouTube Search.
Can you find a neural networks playlist?,YouTubeSearch,Opening YouTube Search.
Play hadoop vs spark on YouTube,YouTubeSearch,Opening YouTube Search.
Find hadoop vs spark video on YouTube,YouTubeSearch,Opening YouTube Search.
Show me database normalization videos on YouTube,YouTubeSearch,Opening YouTube Search.
Open api rate limiting on YouTube,YouTubeSearch,Opening YouTube Search.
Search Kubernetes basics on YouTube,YouTubeSearch,Opening YouTube Search.
Open climate change updates videos,YouTubeSearch,Opening YouTube Search.
Find a good video about operating systems concepts,YouTubeSearch,Opening YouTube Search.
Search YouTube for Linux commands,YouTubeSearch,Opening YouTube Search.
Open linux shell scripting videos,YouTubeSearch,Opening YouTube Search.
Show me digital marketing basics videos on YouTube,YouTubeSearch,Opening YouTube Search.
Search YouTube for api rate limiting,YouTubeSearch,Opening YouTube Search.
Play prompt engineering tips on YouTube,YouTubeSearch,Opening YouTube Search.
Find a good video about IoT applications,YouTubeSearch,Opening YouTube Search.
Open graphic design tools videos,YouTubeSearch,Opening YouTube Search.
Play system design interview tutorial on YouTube,YouTubeSearch,Opening YouTube Search.
Open Flask vs Django videos,YouTubeSearch,Opening YouTube Search.
Play system design interview on YouTube,YouTubeSearch,Opening YouTube Search.
Find JavaScript frameworks video on YouTube,YouTubeSearch,Opening YouTube Search.
Search YouTube for pandas cheat sheet,YouTubeSearch,Opening YouTube Search.
Find a good video about digital marketing basics,YouTubeSearch,Opening YouTube Search.
Find linux shell scripting video on YouTube,YouTubeSearch,Opening YouTube Search.
Find a good video about Python tutorials,YouTubeSearch,Opening YouTube Search.
Search robotics projects on YouTube,YouTubeSearch,Opening YouTube Search.
Find cybersecurity tips video on YouTube,YouTubeSearch,Opening YouTube Search.
Play Python tutorials tutorial on YouTube,YouTubeSearch,Opening YouTube Search.
Find generative AI tools video on YouTube,YouTubeSearch,Opening YouTube Search.
Can you find a Java interview questions playlist?,YouTubeSearch,Opening YouTube Search.
Find algorithm complexity video on YouTube,YouTubeSearch,Opening YouTube Search.
Find a good video about quantum computing basics,YouTubeSearch,Opening YouTube Search.
Open resume writing tips videos,YouTubeSearch,Opening YouTube Search.
Show me stock market trends videos on YouTube,YouTubeSearch,Opening YouTube Search.
Open healthy diet tips videos,YouTubeSearch,Opening YouTube Search.
Show me IBM Cloud services videos on YouTube,YouTubeSearch,Opening YouTube Search.
Can you find a cybersecurity tips playlist?,YouTubeSearch,Opening YouTube Search.
Play healthy diet tips tutorial on YouTube,YouTubeSearch,Opening YouTube Search.
Find a good video about time management techniques,YouTubeSearch,Opening YouTube Search.
Open cloud security best practices on YouTube,YouTubeSearch,Opening YouTube Search.
Show me scrum framework videos on YouTube,YouTubeSearch,Opening YouTube Search.
Play agile methodology on YouTube,YouTubeSearch,Opening YouTube Search.
Search SQL joins explained on YouTube,YouTubeSearch,Opening YouTube Search.
Show me startup funding news videos on YouTube,YouTubeSearch,Opening YouTube Search.
Find a good video about linux shell scripting,YouTubeSearch,Opening YouTube Search.
Find neural networks video on YouTube,YouTubeSearch,Opening YouTube Search.
Open neural networks videos,YouTubeSearch,Opening YouTube Search.
Find python data visualization video on YouTube,YouTubeSearch,Opening YouTube Search.
Find a good video about scrum framework,YouTubeSearch,Opening YouTube Search.
Play power bi tutorial tutorial on YouTube,YouTubeSearch,Opening YouTube Search.
Find chatgpt alternatives video on YouTube,YouTubeSearch,Opening YouTube Search.
Play digital marketing basics tutorial on YouTube,YouTubeSearch,Opening YouTube Search.
Find power bi tutorial video on YouTube,YouTubeSearch,Opening YouTube Search.
Open docker compose examples videos,YouTubeSearch,Opening YouTube Search.
Open job interview preparation on YouTube,YouTubeSearch,Opening YouTube Search.
Search YouTube for software testing basics,YouTubeSearch,Opening YouTube Search.
Can you find a SQL joins explained playlist?,YouTubeSearch,Opening YouTube Search.
Find Node.js tutorials video on YouTube,YouTubeSearch,Opening YouTube Search.
Search YouTube for Java interview questions,YouTubeSearch,Opening YouTube Search.
Open pandas cheat sheet on YouTube,YouTubeSearch,Opening YouTube Search.
Show me python data visualization videos on YouTube,YouTubeSearch,Opening YouTube Search.
Find a good video about hadoop vs spark,YouTubeSearch,Opening YouTube Search.
Find GitHub Actions video on YouTube,YouTubeSearch,Opening YouTube Search.
Can you find a artificial intelligence ethics playlist?,YouTubeSearch,Opening YouTube Search.
Find a good video about generative AI tools,YouTubeSearch,Opening YouTube Search.
Search digital marketing basics on YouTube,YouTubeSearch,Opening YouTube Search.
Search YouTube for machine learning basics,YouTubeSearch,Opening YouTube Search.
Can you find a Docker tutorials playlist?,YouTubeSearch,Opening YouTube Search.
Play quantum computing basics tutorial on YouTube,YouTubeSearch,Opening YouTube Search.
Open cryptocurrency news on YouTube,YouTubeSearch,Opening YouTube Search.
Find object oriented programming video on YouTube,YouTubeSearch,Opening YouTube Search.
Search electric vehicles 2026 on YouTube,YouTubeSearch,Opening YouTube Search.
Can you find a React hooks playlist?,YouTubeSearch,Opening YouTube Search.
Open prompt engineering tips on YouTube,YouTubeSearch,Opening YouTube Search.
Open cybersecurity tips videos,YouTubeSearch,Opening YouTube Search.
Show me system design interview videos on YouTube,YouTubeSearch,Opening YouTube Search.
Open GitHub Actions on YouTube,YouTubeSearch,Opening YouTube Search.
Search YouTube for generative AI tools,YouTubeSearch,Opening YouTube Search.
Can you find a software testing basics playlist?,YouTubeSearch,Opening YouTube Search.
Can you find a natural language processing basics playlist?,YouTubeSearch,Opening YouTube Search.
Open data structures videos,YouTubeSearch,Opening YouTube Search.
Search YouTube for time management techniques,YouTubeSearch,Opening YouTube Search.
Show me SvelteKit guide videos on YouTube,YouTubeSearch,Opening YouTube Search.
Can you find a NumPy basics playlist?,YouTubeSearch,Opening YouTube Search.
Open stock market trends on YouTube,YouTubeSearch,Opening YouTube Search.
Play api rate limiting on YouTube,YouTubeSearch,Opening YouTube Search.
Show me cloud computing trends videos on YouTube,YouTubeSearch,Opening YouTube Search.
Find a good video about healthy diet tips,YouTubeSearch,Opening YouTube Search.
Find IoT applications video on YouTube,YouTubeSearch,Opening YouTube Search.
Show me Python tutorials videos on YouTube,YouTubeSearch,Opening YouTube Search.
Open software testing basics on YouTube,YouTubeSearch,Opening YouTube Search.
Play unit testing python tutorial on YouTube,YouTubeSearch,Opening YouTube Search.
Open 5G technology videos,YouTubeSearch,Opening YouTube Search.
Open excel formulas videos,YouTubeSearch,Opening YouTube Search.
Find a good video about Flask vs Django,YouTubeSearch,Opening YouTube Search.
Show me web development trends videos on YouTube,YouTubeSearch,Opening YouTube Search.
Find a good video about chatgpt alternatives,YouTubeSearch,Opening YouTube Search.
Open electric vehicles 2026 videos,YouTubeSearch,Opening YouTube Search.
Play cybersecurity tips tutorial on YouTube,YouTubeSearch,Opening YouTube Search.
Open big data tools on YouTube,YouTubeSearch,Opening YouTube Search.
Search stock market trends on YouTube,YouTubeSearch,Opening YouTube Search.
Search data structures on YouTube,YouTubeSearch,Opening YouTube Search.
Show me recommendation systems videos on YouTube,YouTubeSearch,Opening YouTube Search.
Search YouTube for quantum computing basics,YouTubeSearch,Opening YouTube Search.
Open data science roadmap videos,YouTubeSearch,Opening YouTube Search.
Find a good video about speech recognition technology,YouTubeSearch,Opening YouTube Search.
Play prompt engineering tips tutorial on YouTube,YouTubeSearch,Opening YouTube Search.
Open Docker tutorials on YouTube,YouTubeSearch,Opening YouTube Search.
Play cybersecurity tips on YouTube,YouTubeSearch,Opening YouTube Search.
Search best laptops 2026 on YouTube,YouTubeSearch,Opening YouTube Search.
Search YouTube for electric vehicles 2026,YouTubeSearch,Opening YouTube Search.
Find cloud security best practices video on YouTube,YouTubeSearch,Opening YouTube Search.
Show me Linux commands videos on YouTube,YouTubeSearch,Opening YouTube Search.
Search YouTube for recommendation systems,YouTubeSearch,Opening YouTube Search.
Open Kubernetes basics on YouTube,YouTubeSearch,Opening YouTube Search.
Search hadoop vs spark on YouTube,YouTubeSearch,Opening YouTube Search.
Open GitHub Actions videos,YouTubeSearch,Opening YouTube Search.
Open cloud computing trends on YouTube,YouTubeSearch,Opening YouTube Search.
Play AWS certification on YouTube,YouTubeSearch,Opening YouTube Search.
Search YouTube for UI UX design trends,YouTubeSearch,Opening YouTube Search.
Find software testing basics video on YouTube,YouTubeSearch,Opening YouTube Search.
What is Artificial Intelligence?,GeneralQuery,"Artificial Intelligence is the field of computer science focused on building systems that can perform tasks that normally require human intelligence, such as reasoning, learning, and decision-making."
Can you explain Artificial Intelligence?,GeneralQuery,"Artificial Intelligence is the field of computer science focused on building systems that can perform tasks that normally require human intelligence, such as reasoning, learning, and decision-making."
Tell me about Artificial Intelligence.,GeneralQuery,"Artificial Intelligence is the field of computer science focused on building systems that can perform tasks that normally require human intelligence, such as reasoning, learning, and decision-making."
Explain Artificial Intelligence.,GeneralQuery,"Artificial Intelligence is the field of computer science focused on building systems that can perform tasks that normally require human intelligence, such as reasoning, learning, and decision-making."
Why is Machine Learning important?,GeneralQuery,Machine Learning is a subset of AI where systems learn patterns from data and improve their performance over time without being explicitly programmed for every rule.
Can you explain Machine Learning?,GeneralQuery,Machine Learning is a subset of AI where systems learn patterns from data and improve their performance over time without being explicitly programmed for every rule.
What is Machine Learning used for?,GeneralQuery,Machine Learning is a subset of AI where systems learn patterns from data and improve their performance over time without being explicitly programmed for every rule.
What is Machine Learning?,GeneralQuery,Machine Learning is a subset of AI where systems learn patterns from data and improve their performance over time without being explicitly programmed for every rule.
What do you mean by Deep Learning?,GeneralQuery,Deep Learning is a branch of machine learning that uses multi-layered neural networks to automatically learn complex patterns from large amounts of data.
Explain Deep Learning.,GeneralQuery,Deep Learning is a branch of machine learning that uses multi-layered neural networks to automatically learn complex patterns from large amounts of data.
How does Deep Learning work?,GeneralQuery,Deep Learning is a branch of machine learning that uses multi-layered neural networks to automatically learn complex patterns from large amounts of data.
What is Deep Learning used for?,GeneralQuery,Deep Learning is a branch of machine learning that uses multi-layered neural networks to automatically learn complex patterns from large amounts of data.
What do you mean by Natural Language Processing?,GeneralQuery,"Natural Language Processing, or NLP, is a field of AI that enables computers to understand, interpret, and generate human language."
What is Natural Language Processing used for?,GeneralQuery,"Natural Language Processing, or NLP, is a field of AI that enables computers to understand, interpret, and generate human language."
Why is Natural Language Processing important?,GeneralQuery,"Natural Language Processing, or NLP, is a field of AI that enables computers to understand, interpret, and generate human language."
How does Natural Language Processing work?,GeneralQuery,"Natural Language Processing, or NLP, is a field of AI that enables computers to understand, interpret, and generate human language."
Explain Python.,GeneralQuery,"Python is a high-level, general-purpose programming language known for its readable syntax and wide use in web development, data science, and automation."
Can you explain Python?,GeneralQuery,"Python is a high-level, general-purpose programming language known for its readable syntax and wide use in web development, data science, and automation."
What do you mean by Python?,GeneralQuery,"Python is a high-level, general-purpose programming language known for its readable syntax and wide use in web development, data science, and automation."
What is Python?,GeneralQuery,"Python is a high-level, general-purpose programming language known for its readable syntax and wide use in web development, data science, and automation."
How does FastAPI work?,GeneralQuery,"FastAPI is a modern Python web framework used to build fast, high-performance APIs with automatic documentation and built-in data validation."
What is FastAPI?,GeneralQuery,"FastAPI is a modern Python web framework used to build fast, high-performance APIs with automatic documentation and built-in data validation."
Why is FastAPI important?,GeneralQuery,"FastAPI is a modern Python web framework used to build fast, high-performance APIs with automatic documentation and built-in data validation."
Can you explain FastAPI?,GeneralQuery,"FastAPI is a modern Python web framework used to build fast, high-performance APIs with automatic documentation and built-in data validation."
Why is SvelteKit important?,GeneralQuery,"SvelteKit is a framework built on top of Svelte for creating fast, full-stack web applications with server-side rendering and file-based routing."
Explain SvelteKit in simple terms.,GeneralQuery,"SvelteKit is a framework built on top of Svelte for creating fast, full-stack web applications with server-side rendering and file-based routing."
What is SvelteKit used for?,GeneralQuery,"SvelteKit is a framework built on top of Svelte for creating fast, full-stack web applications with server-side rendering and file-based routing."
How does SvelteKit work?,GeneralQuery,"SvelteKit is a framework built on top of Svelte for creating fast, full-stack web applications with server-side rendering and file-based routing."
Can you explain Java?,GeneralQuery,"Java is an object-oriented, platform-independent programming language widely used for building enterprise applications, Android apps, and large-scale systems."
How does Java work?,GeneralQuery,"Java is an object-oriented, platform-independent programming language widely used for building enterprise applications, Android apps, and large-scale systems."
What is Java?,GeneralQuery,"Java is an object-oriented, platform-independent programming language widely used for building enterprise applications, Android apps, and large-scale systems."
Explain Java in simple terms.,GeneralQuery,"Java is an object-oriented, platform-independent programming language widely used for building enterprise applications, Android apps, and large-scale systems."
Can you explain JavaScript?,GeneralQuery,JavaScript is a versatile scripting language primarily used to add interactivity and dynamic behavior to web pages.
Explain JavaScript in simple terms.,GeneralQuery,JavaScript is a versatile scripting language primarily used to add interactivity and dynamic behavior to web pages.
Why is JavaScript important?,GeneralQuery,JavaScript is a versatile scripting language primarily used to add interactivity and dynamic behavior to web pages.
Explain JavaScript.,GeneralQuery,JavaScript is a versatile scripting language primarily used to add interactivity and dynamic behavior to web pages.
What is SQL?,GeneralQuery,"SQL, or Structured Query Language, is used to create, manage, and query relational databases through commands like SELECT, INSERT, and UPDATE."
What do you mean by SQL?,GeneralQuery,"SQL, or Structured Query Language, is used to create, manage, and query relational databases through commands like SELECT, INSERT, and UPDATE."
Tell me about SQL.,GeneralQuery,"SQL, or Structured Query Language, is used to create, manage, and query relational databases through commands like SELECT, INSERT, and UPDATE."
Explain SQL.,GeneralQuery,"SQL, or Structured Query Language, is used to create, manage, and query relational databases through commands like SELECT, INSERT, and UPDATE."
Why is MongoDB important?,GeneralQuery,"MongoDB is a NoSQL database that stores data in flexible, JSON-like documents instead of traditional rows and columns."
What is MongoDB used for?,GeneralQuery,"MongoDB is a NoSQL database that stores data in flexible, JSON-like documents instead of traditional rows and columns."
What is MongoDB?,GeneralQuery,"MongoDB is a NoSQL database that stores data in flexible, JSON-like documents instead of traditional rows and columns."
Can you explain MongoDB?,GeneralQuery,"MongoDB is a NoSQL database that stores data in flexible, JSON-like documents instead of traditional rows and columns."
What is PostgreSQL used for?,GeneralQuery,"PostgreSQL is a powerful open-source relational database known for its reliability, advanced features, and standards compliance."
What do you mean by PostgreSQL?,GeneralQuery,"PostgreSQL is a powerful open-source relational database known for its reliability, advanced features, and standards compliance."
Why is PostgreSQL important?,GeneralQuery,"PostgreSQL is a powerful open-source relational database known for its reliability, advanced features, and standards compliance."
Tell me about PostgreSQL.,GeneralQuery,"PostgreSQL is a powerful open-source relational database known for its reliability, advanced features, and standards compliance."
What do you mean by Git?,GeneralQuery,Git is a distributed version control system that tracks changes in source code and allows multiple developers to collaborate efficiently.
Explain Git in simple terms.,GeneralQuery,Git is a distributed version control system that tracks changes in source code and allows multiple developers to collaborate efficiently.
How does Git work?,GeneralQuery,Git is a distributed version control system that tracks changes in source code and allows multiple developers to collaborate efficiently.
Explain Git.,GeneralQuery,Git is a distributed version control system that tracks changes in source code and allows multiple developers to collaborate efficiently.
Explain GitHub.,GeneralQuery,"GitHub is a cloud-based platform for hosting Git repositories, enabling collaboration, code review, and project management for developers."
What is GitHub?,GeneralQuery,"GitHub is a cloud-based platform for hosting Git repositories, enabling collaboration, code review, and project management for developers."
Tell me about GitHub.,GeneralQuery,"GitHub is a cloud-based platform for hosting Git repositories, enabling collaboration, code review, and project management for developers."
What is GitHub used for?,GeneralQuery,"GitHub is a cloud-based platform for hosting Git repositories, enabling collaboration, code review, and project management for developers."
Can you explain Docker?,GeneralQuery,"Docker is a platform that packages applications and their dependencies into lightweight, portable containers that run consistently across environments."
What do you mean by Docker?,GeneralQuery,"Docker is a platform that packages applications and their dependencies into lightweight, portable containers that run consistently across environments."
Why is Docker important?,GeneralQuery,"Docker is a platform that packages applications and their dependencies into lightweight, portable containers that run consistently across environments."
Explain Docker.,GeneralQuery,"Docker is a platform that packages applications and their dependencies into lightweight, portable containers that run consistently across environments."
How does Kubernetes work?,GeneralQuery,"Kubernetes is an open-source system for automating the deployment, scaling, and management of containerized applications."
What is Kubernetes?,GeneralQuery,"Kubernetes is an open-source system for automating the deployment, scaling, and management of containerized applications."
Tell me about Kubernetes.,GeneralQuery,"Kubernetes is an open-source system for automating the deployment, scaling, and management of containerized applications."
Why is Kubernetes important?,GeneralQuery,"Kubernetes is an open-source system for automating the deployment, scaling, and management of containerized applications."
Why is Cloud Computing important?,GeneralQuery,"Cloud computing refers to delivering computing resources like servers, storage, and databases over the internet on a pay-as-you-go basis."
Can you explain Cloud Computing?,GeneralQuery,"Cloud computing refers to delivering computing resources like servers, storage, and databases over the internet on a pay-as-you-go basis."
How does Cloud Computing work?,GeneralQuery,"Cloud computing refers to delivering computing resources like servers, storage, and databases over the internet on a pay-as-you-go basis."
What is Cloud Computing used for?,GeneralQuery,"Cloud computing refers to delivering computing resources like servers, storage, and databases over the internet on a pay-as-you-go basis."
What do you mean by AWS?,GeneralQuery,"AWS, or Amazon Web Services, is a comprehensive cloud platform offering computing power, storage, databases, and other services on demand."
Why is AWS important?,GeneralQuery,"AWS, or Amazon Web Services, is a comprehensive cloud platform offering computing power, storage, databases, and other services on demand."
How does AWS work?,GeneralQuery,"AWS, or Amazon Web Services, is a comprehensive cloud platform offering computing power, storage, databases, and other services on demand."
Explain AWS.,GeneralQuery,"AWS, or Amazon Web Services, is a comprehensive cloud platform offering computing power, storage, databases, and other services on demand."
Explain IBM Cloud in simple terms.,GeneralQuery,"IBM Cloud is a suite of cloud computing services from IBM offering infrastructure, platform, and AI-driven tools for businesses."
What is IBM Cloud used for?,GeneralQuery,"IBM Cloud is a suite of cloud computing services from IBM offering infrastructure, platform, and AI-driven tools for businesses."
What is IBM Cloud?,GeneralQuery,"IBM Cloud is a suite of cloud computing services from IBM offering infrastructure, platform, and AI-driven tools for businesses."
Explain IBM Cloud.,GeneralQuery,"IBM Cloud is a suite of cloud computing services from IBM offering infrastructure, platform, and AI-driven tools for businesses."
Tell me about APIs.,GeneralQuery,"An API, or Application Programming Interface, is a set of rules that allows different software applications to communicate with each other."
What do you mean by APIs?,GeneralQuery,"An API, or Application Programming Interface, is a set of rules that allows different software applications to communicate with each other."
What is APIs?,GeneralQuery,"An API, or Application Programming Interface, is a set of rules that allows different software applications to communicate with each other."
Why is APIs important?,GeneralQuery,"An API, or Application Programming Interface, is a set of rules that allows different software applications to communicate with each other."
Can you explain REST?,GeneralQuery,"REST, or Representational State Transfer, is an architectural style for designing networked applications using standard HTTP methods."
How does REST work?,GeneralQuery,"REST, or Representational State Transfer, is an architectural style for designing networked applications using standard HTTP methods."
What is REST?,GeneralQuery,"REST, or Representational State Transfer, is an architectural style for designing networked applications using standard HTTP methods."
Tell me about REST.,GeneralQuery,"REST, or Representational State Transfer, is an architectural style for designing networked applications using standard HTTP methods."
Explain Data Structures in simple terms.,GeneralQuery,"Data structures are organized ways of storing and managing data, such as arrays, linked lists, stacks, and trees, to enable efficient access and modification."
How does Data Structures work?,GeneralQuery,"Data structures are organized ways of storing and managing data, such as arrays, linked lists, stacks, and trees, to enable efficient access and modification."
Why is Data Structures important?,GeneralQuery,"Data structures are organized ways of storing and managing data, such as arrays, linked lists, stacks, and trees, to enable efficient access and modification."
What do you mean by Data Structures?,GeneralQuery,"Data structures are organized ways of storing and managing data, such as arrays, linked lists, stacks, and trees, to enable efficient access and modification."
What do you mean by Algorithms?,GeneralQuery,An algorithm is a step-by-step set of instructions designed to solve a specific problem or perform a computation.
Can you explain Algorithms?,GeneralQuery,An algorithm is a step-by-step set of instructions designed to solve a specific problem or perform a computation.
What is Algorithms used for?,GeneralQuery,An algorithm is a step-by-step set of instructions designed to solve a specific problem or perform a computation.
Tell me about Algorithms.,GeneralQuery,An algorithm is a step-by-step set of instructions designed to solve a specific problem or perform a computation.
Tell me about Linux.,GeneralQuery,"Linux is a free, open-source operating system kernel that powers everything from servers and supercomputers to smartphones and embedded devices."
Can you explain Linux?,GeneralQuery,"Linux is a free, open-source operating system kernel that powers everything from servers and supercomputers to smartphones and embedded devices."
Explain Linux in simple terms.,GeneralQuery,"Linux is a free, open-source operating system kernel that powers everything from servers and supercomputers to smartphones and embedded devices."
What is Linux?,GeneralQuery,"Linux is a free, open-source operating system kernel that powers everything from servers and supercomputers to smartphones and embedded devices."
How does Operating Systems work?,GeneralQuery,"An operating system is software that manages computer hardware and provides common services for programs, acting as an intermediary between users and hardware."
What do you mean by Operating Systems?,GeneralQuery,"An operating system is software that manages computer hardware and provides common services for programs, acting as an intermediary between users and hardware."
Tell me about Operating Systems.,GeneralQuery,"An operating system is software that manages computer hardware and provides common services for programs, acting as an intermediary between users and hardware."
Explain Operating Systems.,GeneralQuery,"An operating system is software that manages computer hardware and provides common services for programs, acting as an intermediary between users and hardware."
How does OOP work?,GeneralQuery,"Object-Oriented Programming, or OOP, is a programming paradigm based on objects that combine data and behavior, using concepts like classes, inheritance, and polymorphism."
Explain OOP in simple terms.,GeneralQuery,"Object-Oriented Programming, or OOP, is a programming paradigm based on objects that combine data and behavior, using concepts like classes, inheritance, and polymorphism."
Tell me about OOP.,GeneralQuery,"Object-Oriented Programming, or OOP, is a programming paradigm based on objects that combine data and behavior, using concepts like classes, inheritance, and polymorphism."
Explain OOP.,GeneralQuery,"Object-Oriented Programming, or OOP, is a programming paradigm based on objects that combine data and behavior, using concepts like classes, inheritance, and polymorphism."
Why is Prompt Engineering important?,GeneralQuery,Prompt engineering is the practice of designing and refining inputs given to AI language models to get more accurate and useful outputs.
What do you mean by Prompt Engineering?,GeneralQuery,Prompt engineering is the practice of designing and refining inputs given to AI language models to get more accurate and useful outputs.
Explain Prompt Engineering in simple terms.,GeneralQuery,Prompt engineering is the practice of designing and refining inputs given to AI language models to get more accurate and useful outputs.
What is Prompt Engineering used for?,GeneralQuery,Prompt engineering is the practice of designing and refining inputs given to AI language models to get more accurate and useful outputs.
How does LLMs work?,GeneralQuery,"LLMs, or Large Language Models, are AI models trained on massive amounts of text data to understand and generate human-like language."
What do you mean by LLMs?,GeneralQuery,"LLMs, or Large Language Models, are AI models trained on massive amounts of text data to understand and generate human-like language."
Explain LLMs.,GeneralQuery,"LLMs, or Large Language Models, are AI models trained on massive amounts of text data to understand and generate human-like language."
What is LLMs?,GeneralQuery,"LLMs, or Large Language Models, are AI models trained on massive amounts of text data to understand and generate human-like language."
What is Computer Vision?,GeneralQuery,Computer vision is a field of AI that enables machines to interpret and understand visual information from images and videos.
What is Computer Vision used for?,GeneralQuery,Computer vision is a field of AI that enables machines to interpret and understand visual information from images and videos.
Why is Computer Vision important?,GeneralQuery,Computer vision is a field of AI that enables machines to interpret and understand visual information from images and videos.
Explain Computer Vision.,GeneralQuery,Computer vision is a field of AI that enables machines to interpret and understand visual information from images and videos.
Tell me about Neural Networks.,GeneralQuery,"Neural networks are computing systems inspired by the human brain, made up of interconnected layers of nodes that learn patterns from data."
What is Neural Networks used for?,GeneralQuery,"Neural networks are computing systems inspired by the human brain, made up of interconnected layers of nodes that learn patterns from data."
Can you explain Neural Networks?,GeneralQuery,"Neural networks are computing systems inspired by the human brain, made up of interconnected layers of nodes that learn patterns from data."
How does Neural Networks work?,GeneralQuery,"Neural networks are computing systems inspired by the human brain, made up of interconnected layers of nodes that learn patterns from data."
Tell me about Data Science.,GeneralQuery,"Data science is an interdisciplinary field that uses statistics, programming, and domain knowledge to extract insights and value from data."
Explain Data Science in simple terms.,GeneralQuery,"Data science is an interdisciplinary field that uses statistics, programming, and domain knowledge to extract insights and value from data."
Explain Data Science.,GeneralQuery,"Data science is an interdisciplinary field that uses statistics, programming, and domain knowledge to extract insights and value from data."
Can you explain Data Science?,GeneralQuery,"Data science is an interdisciplinary field that uses statistics, programming, and domain knowledge to extract insights and value from data."
Why is Pandas important?,GeneralQuery,"Pandas is a Python library used for data manipulation and analysis, offering powerful data structures like DataFrames for working with tabular data."
How does Pandas work?,GeneralQuery,"Pandas is a Python library used for data manipulation and analysis, offering powerful data structures like DataFrames for working with tabular data."
Explain Pandas.,GeneralQuery,"Pandas is a Python library used for data manipulation and analysis, offering powerful data structures like DataFrames for working with tabular data."
What is Pandas?,GeneralQuery,"Pandas is a Python library used for data manipulation and analysis, offering powerful data structures like DataFrames for working with tabular data."
Tell me about NumPy.,GeneralQuery,NumPy is a Python library that provides support for large multi-dimensional arrays and matrices along with fast mathematical operations.
What is NumPy?,GeneralQuery,NumPy is a Python library that provides support for large multi-dimensional arrays and matrices along with fast mathematical operations.
What is NumPy used for?,GeneralQuery,NumPy is a Python library that provides support for large multi-dimensional arrays and matrices along with fast mathematical operations.
What do you mean by NumPy?,GeneralQuery,NumPy is a Python library that provides support for large multi-dimensional arrays and matrices along with fast mathematical operations.
Explain TensorFlow in simple terms.,GeneralQuery,"TensorFlow is an open-source deep learning framework developed by Google, used to build and train machine learning models at scale."
What is TensorFlow?,GeneralQuery,"TensorFlow is an open-source deep learning framework developed by Google, used to build and train machine learning models at scale."
Explain TensorFlow.,GeneralQuery,"TensorFlow is an open-source deep learning framework developed by Google, used to build and train machine learning models at scale."
Why is TensorFlow important?,GeneralQuery,"TensorFlow is an open-source deep learning framework developed by Google, used to build and train machine learning models at scale."
What is PyTorch?,GeneralQuery,"PyTorch is an open-source deep learning framework known for its flexibility and dynamic computation graph, popular in research and production."
Can you explain PyTorch?,GeneralQuery,"PyTorch is an open-source deep learning framework known for its flexibility and dynamic computation graph, popular in research and production."
What is PyTorch used for?,GeneralQuery,"PyTorch is an open-source deep learning framework known for its flexibility and dynamic computation graph, popular in research and production."
Explain PyTorch.,GeneralQuery,"PyTorch is an open-source deep learning framework known for its flexibility and dynamic computation graph, popular in research and production."
Can you explain Cybersecurity?,GeneralQuery,"Cybersecurity is the practice of protecting systems, networks, and data from digital attacks, unauthorized access, and damage."
Explain Cybersecurity in simple terms.,GeneralQuery,"Cybersecurity is the practice of protecting systems, networks, and data from digital attacks, unauthorized access, and damage."
What do you mean by Cybersecurity?,GeneralQuery,"Cybersecurity is the practice of protecting systems, networks, and data from digital attacks, unauthorized access, and damage."
Tell me about Cybersecurity.,GeneralQuery,"Cybersecurity is the practice of protecting systems, networks, and data from digital attacks, unauthorized access, and damage."
Explain Web Development in simple terms.,GeneralQuery,"Web development is the process of building and maintaining websites and web applications, covering both front-end and back-end work."
What is Web Development used for?,GeneralQuery,"Web development is the process of building and maintaining websites and web applications, covering both front-end and back-end work."
How does Web Development work?,GeneralQuery,"Web development is the process of building and maintaining websites and web applications, covering both front-end and back-end work."
Can you explain Web Development?,GeneralQuery,"Web development is the process of building and maintaining websites and web applications, covering both front-end and back-end work."
What is the difference between Python lists and tuples?,GeneralQuery,"Lists are mutable and can be changed after creation, while tuples are immutable, meaning their contents cannot be modified once set."
Difference between Python lists and tuples.,GeneralQuery,"Lists are mutable and can be changed after creation, while tuples are immutable, meaning their contents cannot be modified once set."
What is the difference between SQL and NoSQL databases?,GeneralQuery,"SQL databases use structured tables with fixed schemas, while NoSQL databases store data flexibly in documents, key-value pairs, or graphs, better suited for unstructured data."
Difference between SQL and NoSQL databases.,GeneralQuery,"SQL databases use structured tables with fixed schemas, while NoSQL databases store data flexibly in documents, key-value pairs, or graphs, better suited for unstructured data."
What is the difference between supervised and unsupervised learning?,GeneralQuery,"Supervised learning trains models on labeled data with known outputs, while unsupervised learning finds patterns in data without predefined labels."
Difference between Supervised and unsupervised learning.,GeneralQuery,"Supervised learning trains models on labeled data with known outputs, while unsupervised learning finds patterns in data without predefined labels."
What is the difference between frontend and backend development?,GeneralQuery,"Frontend development focuses on the user-facing part of an application, while backend development handles server logic, databases, and APIs."
Difference between Frontend and backend development.,GeneralQuery,"Frontend development focuses on the user-facing part of an application, while backend development handles server logic, databases, and APIs."
What is the difference between compiler and interpreter?,GeneralQuery,"A compiler translates entire source code into machine code before execution, while an interpreter executes code line by line at runtime."
Difference between Compiler and interpreter.,GeneralQuery,"A compiler translates entire source code into machine code before execution, while an interpreter executes code line by line at runtime."
What is the difference between stack and queue?,GeneralQuery,"A stack follows Last-In-First-Out order for adding and removing items, while a queue follows First-In-First-Out order."
Difference between Stack and queue.,GeneralQuery,"A stack follows Last-In-First-Out order for adding and removing items, while a queue follows First-In-First-Out order."
What is the difference between array and linked list?,GeneralQuery,"An array stores elements in contiguous memory with fixed size, while a linked list stores elements as nodes connected by pointers, allowing dynamic resizing."
Difference between Array and linked list.,GeneralQuery,"An array stores elements in contiguous memory with fixed size, while a linked list stores elements as nodes connected by pointers, allowing dynamic resizing."
What is the difference between HTTP and HTTPS?,GeneralQuery,"HTTP is a protocol for transferring data over the web, while HTTPS is the secure version that encrypts the data using SSL/TLS."
Difference between HTTP and HTTPS.,GeneralQuery,"HTTP is a protocol for transferring data over the web, while HTTPS is the secure version that encrypts the data using SSL/TLS."
What is the difference between process and thread?,GeneralQuery,"A process is an independent program with its own memory space, while a thread is a smaller unit of execution within a process that shares memory with other threads."
Difference between Process and thread.,GeneralQuery,"A process is an independent program with its own memory space, while a thread is a smaller unit of execution within a process that shares memory with other threads."
What is the difference between GET and POST requests?,GeneralQuery,"A GET request retrieves data from a server without changing it, while a POST request sends data to the server to create or update a resource."
Difference between GET and POST requests.,GeneralQuery,"A GET request retrieves data from a server without changing it, while a POST request sends data to the server to create or update a resource."
Explain Artificial Intelligence in simple terms.,GeneralQuery,"Artificial Intelligence is the field of computer science focused on building systems that can perform tasks that normally require human intelligence, such as reasoning, learning, and decision-making."
Explain Machine Learning in simple terms.,GeneralQuery,Machine Learning is a subset of AI where systems learn patterns from data and improve their performance over time without being explicitly programmed for every rule.
Explain Deep Learning in simple terms.,GeneralQuery,Deep Learning is a branch of machine learning that uses multi-layered neural networks to automatically learn complex patterns from large amounts of data.
Explain Natural Language Processing in simple terms.,GeneralQuery,"Natural Language Processing, or NLP, is a field of AI that enables computers to understand, interpret, and generate human language."
Explain Python in simple terms.,GeneralQuery,"Python is a high-level, general-purpose programming language known for its readable syntax and wide use in web development, data science, and automation."
Explain FastAPI in simple terms.,GeneralQuery,"FastAPI is a modern Python web framework used to build fast, high-performance APIs with automatic documentation and built-in data validation."
Can you explain SvelteKit?,GeneralQuery,"SvelteKit is a framework built on top of Svelte for creating fast, full-stack web applications with server-side rendering and file-based routing."
What is Java used for?,GeneralQuery,"Java is an object-oriented, platform-independent programming language widely used for building enterprise applications, Android apps, and large-scale systems."
What is JavaScript used for?,GeneralQuery,JavaScript is a versatile scripting language primarily used to add interactivity and dynamic behavior to web pages.
Explain SQL in simple terms.,GeneralQuery,"SQL, or Structured Query Language, is used to create, manage, and query relational databases through commands like SELECT, INSERT, and UPDATE."
Explain MongoDB in simple terms.,GeneralQuery,"MongoDB is a NoSQL database that stores data in flexible, JSON-like documents instead of traditional rows and columns."
Explain PostgreSQL in simple terms.,GeneralQuery,"PostgreSQL is a powerful open-source relational database known for its reliability, advanced features, and standards compliance."
What is Git used for?,GeneralQuery,Git is a distributed version control system that tracks changes in source code and allows multiple developers to collaborate efficiently.
Explain GitHub in simple terms.,GeneralQuery,"GitHub is a cloud-based platform for hosting Git repositories, enabling collaboration, code review, and project management for developers."
Explain Docker in simple terms.,GeneralQuery,"Docker is a platform that packages applications and their dependencies into lightweight, portable containers that run consistently across environments."
Explain Kubernetes in simple terms.,GeneralQuery,"Kubernetes is an open-source system for automating the deployment, scaling, and management of containerized applications."
Explain Cloud Computing in simple terms.,GeneralQuery,"Cloud computing refers to delivering computing resources like servers, storage, and databases over the internet on a pay-as-you-go basis."
Explain AWS in simple terms.,GeneralQuery,"AWS, or Amazon Web Services, is a comprehensive cloud platform offering computing power, storage, databases, and other services on demand."
How does IBM Cloud work?,GeneralQuery,"IBM Cloud is a suite of cloud computing services from IBM offering infrastructure, platform, and AI-driven tools for businesses."
Explain APIs in simple terms.,GeneralQuery,"An API, or Application Programming Interface, is a set of rules that allows different software applications to communicate with each other."
Explain REST in simple terms.,GeneralQuery,"REST, or Representational State Transfer, is an architectural style for designing networked applications using standard HTTP methods."
What is Data Structures used for?,GeneralQuery,"Data structures are organized ways of storing and managing data, such as arrays, linked lists, stacks, and trees, to enable efficient access and modification."
Explain Algorithms in simple terms.,GeneralQuery,An algorithm is a step-by-step set of instructions designed to solve a specific problem or perform a computation.
What is Linux used for?,GeneralQuery,"Linux is a free, open-source operating system kernel that powers everything from servers and supercomputers to smartphones and embedded devices."
Explain Operating Systems in simple terms.,GeneralQuery,"An operating system is software that manages computer hardware and provides common services for programs, acting as an intermediary between users and hardware."
What is OOP used for?,GeneralQuery,"Object-Oriented Programming, or OOP, is a programming paradigm based on objects that combine data and behavior, using concepts like classes, inheritance, and polymorphism."
How does Prompt Engineering work?,GeneralQuery,Prompt engineering is the practice of designing and refining inputs given to AI language models to get more accurate and useful outputs.
Explain LLMs in simple terms.,GeneralQuery,"LLMs, or Large Language Models, are AI models trained on massive amounts of text data to understand and generate human-like language."
Explain Computer Vision in simple terms.,GeneralQuery,Computer vision is a field of AI that enables machines to interpret and understand visual information from images and videos.
Explain Neural Networks in simple terms.,GeneralQuery,"Neural networks are computing systems inspired by the human brain, made up of interconnected layers of nodes that learn patterns from data."
What is Data Science used for?,GeneralQuery,"Data science is an interdisciplinary field that uses statistics, programming, and domain knowledge to extract insights and value from data."
Explain Pandas in simple terms.,GeneralQuery,"Pandas is a Python library used for data manipulation and analysis, offering powerful data structures like DataFrames for working with tabular data."
Explain NumPy in simple terms.,GeneralQuery,NumPy is a Python library that provides support for large multi-dimensional arrays and matrices along with fast mathematical operations.
What is TensorFlow used for?,GeneralQuery,"TensorFlow is an open-source deep learning framework developed by Google, used to build and train machine learning models at scale."
Explain PyTorch in simple terms.,GeneralQuery,"PyTorch is an open-source deep learning framework known for its flexibility and dynamic computation graph, popular in research and production."
What is Cybersecurity used for?,GeneralQuery,"Cybersecurity is the practice of protecting systems, networks, and data from digital attacks, unauthorized access, and damage."
Explain Web Development.,GeneralQuery,"Web development is the process of building and maintaining websites and web applications, covering both front-end and back-end work."
What is the capital of France?,GeneralQuery,The capital of France is Paris.
What is the capital of Japan?,GeneralQuery,The capital of Japan is Tokyo.
Who wrote Romeo and Juliet?,GeneralQuery,Romeo and Juliet was written by William Shakespeare.
What is the largest planet in the solar system?,GeneralQuery,Jupiter is the largest planet in the solar system.
How many continents are there?,GeneralQuery,There are seven continents on Earth.
What is the speed of light?,GeneralQuery,"The speed of light in a vacuum is approximately 299,792 kilometers per second."
Who painted the Mona Lisa?,GeneralQuery,The Mona Lisa was painted by Leonardo da Vinci.
What is the tallest mountain in the world?,GeneralQuery,"Mount Everest is the tallest mountain in the world, standing at about 8,849 meters."
What is the longest river in the world?,GeneralQuery,The Nile River is generally considered the longest river in the world.
How many bones are in the human body?,GeneralQuery,An adult human body has 206 bones.
What is the freezing point of water?,GeneralQuery,"Water freezes at 0 degrees Celsius, or 32 degrees Fahrenheit."
What is the boiling point of water?,GeneralQuery,"Water boils at 100 degrees Celsius, or 212 degrees Fahrenheit, at sea level."
Who discovered gravity?,GeneralQuery,Sir Isaac Newton is credited with formulating the theory of gravity after observing a falling apple.
What is photosynthesis?,GeneralQuery,"Photosynthesis is the process by which plants use sunlight, water, and carbon dioxide to produce oxygen and glucose."
What is the chemical symbol for gold?,GeneralQuery,The chemical symbol for gold is Au.
What is the largest ocean on Earth?,GeneralQuery,The Pacific Ocean is the largest and deepest ocean on Earth.
How many planets are in the solar system?,GeneralQuery,There are eight planets in the solar system.
What is the smallest country in the world?,GeneralQuery,Vatican City is the smallest country in the world by both area and population.
Who is known as the father of computers?,GeneralQuery,Charles Babbage is often called the father of computers for designing the first mechanical computer concept.
What is the currency of Japan?,GeneralQuery,The currency of Japan is the yen.
What is the national language of India?,GeneralQuery,"Hindi is one of the official languages of India, alongside English and 21 other scheduled languages."
How many colors are in a rainbow?,GeneralQuery,"A rainbow has seven colors: red, orange, yellow, green, blue, indigo, and violet."
What is the human body's largest organ?,GeneralQuery,The skin is the largest organ of the human body.
Who was the first person to walk on the moon?,GeneralQuery,"Neil Armstrong was the first person to walk on the moon, in July 1969."
What causes rain?,GeneralQuery,Rain forms when water vapor in clouds condenses into droplets that become heavy enough to fall to the ground.
What is the powerhouse of the cell?,GeneralQuery,The mitochondria is often called the powerhouse of the cell because it produces most of the cell's energy.
What is Newton's third law of motion?,GeneralQuery,"Newton's third law states that for every action, there is an equal and opposite reaction."
What is the difference between weather and climate?,GeneralQuery,"Weather refers to short-term atmospheric conditions, while climate describes long-term average weather patterns in a region."
What is an ecosystem?,GeneralQuery,An ecosystem is a community of living organisms interacting with each other and their physical environment.
What is the theory of relativity?,GeneralQuery,"The theory of relativity, developed by Albert Einstein, describes how space, time, and gravity are interconnected."
Who is the founder of Microsoft?,GeneralQuery,Microsoft was founded by Bill Gates and Paul Allen in 1975.
Who is the founder of Apple?,GeneralQuery,"Apple was founded by Steve Jobs, Steve Wozniak, and Ronald Wayne in 1976."
What is inflation in economics?,GeneralQuery,"Inflation is the general increase in prices over time, which reduces the purchasing power of money."
What is GDP?,GeneralQuery,"GDP, or Gross Domestic Product, measures the total value of goods and services produced in a country over a specific period."
What is democracy?,GeneralQuery,"Democracy is a system of government where power is held by the people, typically exercised through elected representatives."
What is the water cycle?,GeneralQuery,"The water cycle describes the continuous movement of water through evaporation, condensation, precipitation, and collection."
What is renewable energy?,GeneralQuery,"Renewable energy comes from natural sources that replenish themselves, such as solar, wind, and hydroelectric power."
What is global warming?,GeneralQuery,"Global warming refers to the long-term rise in Earth's average surface temperature, largely due to increased greenhouse gas emissions."
What is an atom made of?,GeneralQuery,"An atom is made up of protons and neutrons in its nucleus, surrounded by orbiting electrons."
What is DNA?,GeneralQuery,"DNA, or deoxyribonucleic acid, is the molecule that carries genetic instructions for the development and functioning of living organisms."
How does the human heart work?,GeneralQuery,"The heart pumps blood through the body by contracting and relaxing, circulating oxygen and nutrients via a network of blood vessels."
What is the difference between a virus and bacteria?,GeneralQuery,"Bacteria are single-celled living organisms that can reproduce on their own, while viruses need a host cell to replicate and are not considered fully alive."
What is an eclipse?,GeneralQuery,"An eclipse occurs when one celestial body moves into the shadow of another, temporarily blocking light, as seen in solar and lunar eclipses."
What is a black hole?,GeneralQuery,"A black hole is a region in space where gravity is so strong that nothing, not even light, can escape from it."
What is the Big Bang theory?,GeneralQuery,"The Big Bang theory describes the origin of the universe as an extremely hot, dense point that expanded rapidly around 13.8 billion years ago."
What is a leap year?,GeneralQuery,"A leap year is a year with 366 days instead of 365, occurring every four years to keep the calendar aligned with Earth's orbit."
What is the meaning of GDP per capita?,GeneralQuery,"GDP per capita is a country's gross domestic product divided by its population, used to measure average economic output per person."
What is artificial general intelligence?,GeneralQuery,"Artificial General Intelligence, or AGI, refers to a hypothetical AI system that can understand and perform any intellectual task a human can."
What is the metaverse?,GeneralQuery,"The metaverse refers to a network of immersive, interconnected virtual environments where people can interact, work, and socialize."
What is Web3?,GeneralQuery,"Web3 refers to a proposed decentralized version of the internet built on blockchain technology, aiming to give users more control over their data."
What is a firewall?,GeneralQuery,A firewall is a network security system that monitors and controls incoming and outgoing traffic based on predefined security rules.
What is phishing?,GeneralQuery,Phishing is a cyberattack where attackers trick people into revealing sensitive information by pretending to be a trustworthy source.
What is two-factor authentication?,GeneralQuery,Two-factor authentication adds an extra layer of security by requiring a second form of verification in addition to a password.
What is encryption?,GeneralQuery,Encryption is the process of converting data into a coded format so that only authorized parties can read it.
What is a VPN?,GeneralQuery,"A VPN, or Virtual Private Network, creates a secure, encrypted connection over the internet to protect your data and privacy."
What is open source software?,GeneralQuery,"Open source software is software whose source code is publicly available, allowing anyone to view, modify, and distribute it."
What is version control?,GeneralQuery,"Version control is a system that tracks changes to files over time, allowing developers to collaborate and revert to previous versions when needed."
What is a database index?,GeneralQuery,A database index is a data structure that improves the speed of data retrieval operations at the cost of additional storage and write overhead.
What is caching in computing?,GeneralQuery,Caching is the process of storing frequently accessed data in a temporary storage layer to speed up future requests.
What is load balancing?,GeneralQuery,Load balancing distributes incoming network traffic across multiple servers to ensure reliability and optimal resource use.
What is a CDN?,GeneralQuery,"A CDN, or Content Delivery Network, is a distributed network of servers that delivers web content to users based on their geographic location for faster access."
What is scalability in software systems?,GeneralQuery,Scalability refers to a system's ability to handle increasing amounts of work by adding resources without compromising performance.
What is an algorithm's time complexity?,GeneralQuery,"Time complexity describes how the runtime of an algorithm grows as the size of its input increases, often expressed using Big O notation."
What is recursion in programming?,GeneralQuery,Recursion is a programming technique where a function calls itself to solve smaller instances of the same problem.
What is a binary search?,GeneralQuery,Binary search is an efficient algorithm that finds a target value in a sorted array by repeatedly dividing the search range in half.
What is a hash table?,GeneralQuery,A hash table is a data structure that stores key-value pairs and uses a hash function to enable fast data lookup.
What is a compiler error?,GeneralQuery,"A compiler error occurs when source code violates the rules of a programming language, preventing it from being successfully translated into machine code."
What is exception handling?,GeneralQuery,Exception handling is a programming construct used to detect and respond to runtime errors without crashing the program.
What is an IDE?,GeneralQuery,"An IDE, or Integrated Development Environment, is software that provides tools like a code editor, debugger, and compiler in one application for developers."
What is a framework in programming?,GeneralQuery,A framework is a pre-built structure of reusable code and tools that helps developers build applications more efficiently.
What is a library in programming?,GeneralQuery,A library is a collection of pre-written code that developers can reuse to perform common tasks without writing code from scratch.
What is an API endpoint?,GeneralQuery,An API endpoint is a specific URL where an API can be accessed to perform a particular function or retrieve data.
What is JSON?,GeneralQuery,"JSON, or JavaScript Object Notation, is a lightweight, human-readable data format commonly used for exchanging data between a client and server."
What is an ORM?,GeneralQuery,"An ORM, or Object-Relational Mapper, allows developers to interact with a database using objects in their programming language instead of writing raw SQL."
What is continuous integration?,GeneralQuery,Continuous integration is a development practice where code changes are automatically built and tested frequently to catch issues early.
What is continuous deployment?,GeneralQuery,Continuous deployment automatically releases every code change that passes testing directly into production without manual intervention.
What is a microservice?,GeneralQuery,"A microservice is a small, independent service that performs a specific function and communicates with other services through APIs."
What is serverless computing?,GeneralQuery,"Serverless computing lets developers run code without managing servers, as the cloud provider automatically handles infrastructure and scaling."
What is edge computing?,GeneralQuery,"Edge computing processes data closer to where it's generated rather than relying solely on a centralized cloud, reducing latency."
What is a neural network layer?,GeneralQuery,A neural network layer is a group of nodes that processes input data and passes the transformed output to the next layer in the network.
What is overfitting in machine learning?,GeneralQuery,"Overfitting occurs when a model learns the training data too closely, including its noise, and performs poorly on new, unseen data."
What is underfitting in machine learning?,GeneralQuery,"Underfitting happens when a model is too simple to capture the underlying patterns in the data, leading to poor performance overall."
What is a training dataset?,GeneralQuery,A training dataset is the portion of data used to teach a machine learning model to recognize patterns and make predictions.
What is a test dataset?,GeneralQuery,A test dataset is a separate set of data used to evaluate how well a trained machine learning model performs on unseen examples.
What is gradient descent?,GeneralQuery,Gradient descent is an optimization algorithm used to minimize a model's error by iteratively adjusting its parameters in the direction of steepest decrease.
What is a loss function?,GeneralQuery,"A loss function measures how far a model's predictions are from the actual values, guiding the training process toward better accuracy."
What is feature engineering?,GeneralQuery,Feature engineering is the process of selecting and transforming raw data into meaningful features that improve a machine learning model's performance.
What is a confusion matrix?,GeneralQuery,A confusion matrix is a table used to evaluate a classification model's performance by comparing predicted results against actual outcomes.
What is reinforcement learning?,GeneralQuery,Reinforcement learning is a type of machine learning where an agent learns to make decisions by receiving rewards or penalties based on its actions.
What is transfer learning?,GeneralQuery,"Transfer learning is a technique where a model trained on one task is reused as the starting point for a related task, saving time and resources."
What is a chatbot?,GeneralQuery,"A chatbot is a software application that simulates human conversation, typically used to answer questions or assist users automatically."
What is sentiment analysis?,GeneralQuery,"Sentiment analysis is an NLP technique used to determine the emotional tone behind a piece of text, such as positive, negative, or neutral."
What is tokenization in NLP?,GeneralQuery,"Tokenization is the process of breaking down text into smaller units, such as words or subwords, so a model can process it."
What is a transformer model?,GeneralQuery,"A transformer model is a type of neural network architecture that uses self-attention mechanisms to process sequential data, powering most modern LLMs."
What is fine-tuning in AI?,GeneralQuery,Fine-tuning is the process of further training a pre-trained model on a specific dataset to adapt it for a particular task.
What is a dataset bias?,GeneralQuery,"Dataset bias occurs when the data used to train a model doesn't represent the real world fairly, leading to skewed or unfair predictions."
What is explainable AI?,GeneralQuery,Explainable AI refers to methods and techniques that make the decisions of AI models understandable and interpretable to humans.
What is edge AI?,GeneralQuery,Edge AI refers to running artificial intelligence algorithms directly on local devices instead of relying on cloud servers.
What is a GPU used for in AI?,GeneralQuery,"A GPU, or Graphics Processing Unit, accelerates AI computations by performing many parallel calculations, which is essential for training deep learning models."
What is model deployment?,GeneralQuery,Model deployment is the process of integrating a trained machine learning model into a production environment where it can make real-world predictions.
What is A/B testing?,GeneralQuery,"A/B testing is a method of comparing two versions of something, such as a webpage, to determine which one performs better based on user data."
What is a sprint in Agile?,GeneralQuery,"A sprint is a fixed, short time period in Agile development, usually one to four weeks, during which a team completes a set amount of work."
What is a code review?,GeneralQuery,"A code review is the process where developers examine each other's code to catch bugs, improve quality, and share knowledge before merging changes."
What is technical debt?,GeneralQuery,"Technical debt refers to the implied cost of extra work caused by choosing a quick, easy solution now instead of a better long-term approach."
What is a design pattern in programming?,GeneralQuery,"A design pattern is a general, reusable solution to a common problem that occurs frequently in software design."
What is the MVC pattern?,GeneralQuery,"MVC, or Model-View-Controller, is a design pattern that separates an application into three components: data (model), interface (view), and logic (controller)."
What is a monolithic architecture?,GeneralQuery,"A monolithic architecture is a software design where all components of an application are built and deployed as a single, unified unit."
What is dependency injection?,GeneralQuery,Dependency injection is a design pattern where an object's dependencies are provided externally rather than being created within the object itself.
What is unit testing?,GeneralQuery,Unit testing involves testing individual components or functions of a program in isolation to verify they work as expected.
What is integration testing?,GeneralQuery,Integration testing checks whether different modules or services of an application work correctly together as a combined system.
What is a race condition?,GeneralQuery,"A race condition occurs when the behavior of a program depends on the timing of uncontrollable events, often leading to unpredictable bugs in concurrent code."
What is multithreading?,GeneralQuery,"Multithreading allows a program to run multiple threads concurrently, improving performance by making better use of CPU resources."
What is an interpreter language?,GeneralQuery,"An interpreted language executes code line by line at runtime through an interpreter, rather than compiling it into machine code beforehand."
What is static typing?,GeneralQuery,"Static typing means variable types are checked at compile time, catching type-related errors before the program runs."
What is dynamic typing?,GeneralQuery,"Dynamic typing means variable types are determined at runtime, offering more flexibility but less compile-time error checking."
What is a package manager?,GeneralQuery,"A package manager is a tool that automates installing, updating, and managing software libraries and their dependencies."
What is an environment variable?,GeneralQuery,"An environment variable is a value set outside a program that can influence its behavior, often used to store configuration settings securely."
What is CI/CD?,GeneralQuery,"CI/CD stands for Continuous Integration and Continuous Deployment, a practice that automates building, testing, and releasing software changes."
What is a webhook?,GeneralQuery,"A webhook is an automated message sent from one application to another when a specific event occurs, enabling real-time data exchange."
What is API rate limiting?,GeneralQuery,API rate limiting restricts the number of requests a client can make to an API within a given time period to prevent abuse and overload.
What is a load balancer?,GeneralQuery,A load balancer distributes incoming network traffic across multiple servers to improve reliability and prevent any single server from being overwhelmed.
What is data normalization in databases?,GeneralQuery,Data normalization is the process of organizing database tables to reduce redundancy and improve data integrity.
What is a foreign key in SQL?,GeneralQuery,"A foreign key is a column in a database table that links to the primary key of another table, establishing a relationship between them."
What is a primary key in SQL?,GeneralQuery,"A primary key is a unique identifier for each record in a database table, ensuring no two rows have the same value."
What is database sharding?,GeneralQuery,"Database sharding is a technique that splits a large database into smaller, faster, more manageable pieces called shards, often distributed across servers."
What is an ACID transaction?,GeneralQuery,"ACID stands for Atomicity, Consistency, Isolation, and Durability, a set of properties that guarantee reliable processing of database transactions."
What is a data warehouse?,GeneralQuery,A data warehouse is a centralized repository that stores large volumes of structured data from multiple sources for reporting and analysis.
What is ETL in data engineering?,GeneralQuery,"ETL stands for Extract, Transform, Load, a process used to move data from source systems into a data warehouse or other storage system."
What is a data lake?,GeneralQuery,A data lake is a storage repository that holds vast amounts of raw data in its native format until it's needed for analysis.
What is Apache Spark?,GeneralQuery,"Apache Spark is an open-source, distributed computing framework used for processing large-scale data quickly across clusters of machines."
What is Apache Hadoop?,GeneralQuery,Apache Hadoop is an open-source framework that allows distributed storage and processing of large datasets across clusters of computers.
What is data mining?,GeneralQuery,"Data mining is the process of discovering patterns, correlations, and useful information from large datasets using statistical and computational techniques."
What is a decision tree in machine learning?,GeneralQuery,A decision tree is a supervised learning model that splits data into branches based on feature values to make predictions or classifications.
What is a random forest algorithm?,GeneralQuery,A random forest is an ensemble learning method that combines multiple decision trees to improve prediction accuracy and reduce overfitting.
What is k-means clustering?,GeneralQuery,K-means clustering is an unsupervised learning algorithm that groups data points into a specified number of clusters based on similarity.
What is a support vector machine?,GeneralQuery,A support vector machine is a supervised learning algorithm that finds the optimal boundary to separate data points into different classes.
What is cross-validation in machine learning?,GeneralQuery,Cross-validation is a technique for assessing how well a model generalizes by splitting data into multiple subsets for repeated training and testing.
What is regularization in machine learning?,GeneralQuery,Regularization adds a penalty to a model's complexity during training to prevent overfitting and improve generalization to new data.
What is an epoch in deep learning?,GeneralQuery,An epoch is one complete pass through the entire training dataset during the training of a machine learning model.
What is a batch size in training?,GeneralQuery,Batch size refers to the number of training samples processed together before a model's internal parameters are updated.
What is backpropagation?,GeneralQuery,Backpropagation is an algorithm used to train neural networks by calculating gradients and adjusting weights to minimize prediction error.
What is an activation function?,GeneralQuery,"An activation function determines the output of a neural network node, introducing non-linearity so the network can learn complex patterns."
What is a convolutional neural network?,GeneralQuery,"A convolutional neural network, or CNN, is a deep learning architecture especially effective for processing image data by detecting spatial patterns."
What is a recurrent neural network?,GeneralQuery,"A recurrent neural network, or RNN, is a type of neural network designed to process sequential data by maintaining memory of previous inputs."
What is an attention mechanism?,GeneralQuery,"An attention mechanism allows a neural network to focus on the most relevant parts of the input when making predictions, improving performance on sequential tasks."
What is zero-shot learning?,GeneralQuery,Zero-shot learning is a machine learning approach where a model performs a task without having seen any labeled examples of that specific task.
What is few-shot learning?,GeneralQuery,Few-shot learning refers to a model's ability to learn a new task from only a small number of training examples.
What is model quantization?,GeneralQuery,"Model quantization reduces the precision of a model's numbers to make it smaller and faster, often with minimal loss in accuracy."
What is an embedding in machine learning?,GeneralQuery,"An embedding is a numerical vector representation of data, such as words or images, that captures meaningful relationships in a lower-dimensional space."
What is semantic search?,GeneralQuery,Semantic search retrieves results based on the meaning and context of a query rather than just matching exact keywords.
What is vector similarity search?,GeneralQuery,"Vector similarity search finds items whose embeddings are closest in vector space, often used to power recommendation and semantic search systems."
What is an intent classifier?,GeneralQuery,"An intent classifier is a machine learning model that identifies the underlying purpose or goal behind a user's input, commonly used in chatbots."
What is sentence embedding?,GeneralQuery,Sentence embedding converts an entire sentence into a fixed-length numerical vector that captures its overall meaning for comparison tasks.
What is logistic regression?,GeneralQuery,Logistic regression is a statistical model used for binary classification that predicts the probability of an outcome belonging to a particular class.
